Year;State;NMFS Name;Pounds;Metric Tons;Dollars;Collection;Scientific Name;Tsn;Source
2021;ALASKA;COD, PACIFIC;330,404,171;149,87;116,766,003;Commercial;Gadus macrocephalus;164711;AKFIN
2021;CONNECTICUT;COD, ATLANTIC;2,277;1;5,031;Commercial;Gadus morhua;164712;ACCSP
2021;CONNECTICUT;COD, ATLANTIC;7,921;4;;Recreational;;164712;MRIP
2021;DELAWARE;COD, ATLANTIC;18;0;;Recreational;;164712;MRIP
2021;MAINE;COD, ATLANTIC;1,171;1;;Recreational;;164712;MRIP
2021;MAINE;COD, ATLANTIC;47,311;21;128,833;Commercial;Gadus morhua;164712;ACCSP
2021;MASSACHUSETTS;COD, ATLANTIC;1,201,132;545;2,619,925;Commercial;Gadus morhua;164712;ACCSP
2021;MASSACHUSETTS;COD, ATLANTIC;365,368;166;;Recreational;;164712;MRIP
2021;NEW HAMPSHIRE;COD, ATLANTIC;46,308;21;;Recreational;;164712;MRIP
2021;NEW HAMPSHIRE;COD, ATLANTIC;45,836;21;124,631;Commercial;Gadus morhua;164712;ACCSP
2021;NEW JERSEY;COD, ATLANTIC;90,687;41;;Recreational;;164712;MRIP
2021;NEW YORK;COD, ATLANTIC;3,954;2;12,245;Commercial;Gadus morhua;164712;ACCSP
2021;NEW YORK;COD, ATLANTIC;187,909;85;;Recreational;;164712;MRIP
2021;OREGON;COD, PACIFIC;2,205;1;781;Commercial;Gadus macrocephalus;164711;PACFIN
2021;OREGON;COD, PACIFIC;15;0;;Recreational;;164711;MRIP
2021;RHODE ISLAND;COD, ATLANTIC;47,671;22;;Recreational;;164712;MRIP
2021;RHODE ISLAND;COD, ATLANTIC;12,803;6;26,286;Commercial;Gadus morhua;164712;ACCSP
2021;WASHINGTON;COD, PACIFIC;3,305;1;;Recreational;;164711;MRIP
2021;WASHINGTON;COD, PACIFIC;69,446;32;37,853;Commercial;Gadus macrocephalus;164711;PACFIN
2020;ALASKA;COD, PACIFIC;;;;Recreational;;164711;MRIP
2020;ALASKA;COD, PACIFIC;380,338,622;172,52;166,344,712;Commercial;Gadus macrocephalus;164711;AKFIN
2020;CONNECTICUT;COD, ATLANTIC;4,492;2;7,735;Commercial;Gadus morhua;164712;ACCSP
2020;CONNECTICUT;COD, ATLANTIC;143;0;;Recreational;;164712;MRIP
2020;DELAWARE;COD, ATLANTIC;7;0;;Recreational;;164712;MRIP
2020;MAINE;COD, ATLANTIC;58,733;27;149,844;Commercial;Gadus morhua;164712;ACCSP
2020;MAINE;COD, ATLANTIC;3,111;1;;Recreational;;164712;MRIP
2020;MASSACHUSETTS;COD, ATLANTIC;8,900;4;;Recreational;;164712;MRIP
2020;MASSACHUSETTS;COD, ATLANTIC;1,468,781;666;3,184,861;Commercial;Gadus morhua;164712;ACCSP
2020;NEW HAMPSHIRE;COD, ATLANTIC;21,440;10;;Recreational;;164712;MRIP
2020;NEW HAMPSHIRE;COD, ATLANTIC;67,340;31;182,664;Commercial;Gadus morhua;164712;ACCSP
2020;NEW JERSEY;COD, ATLANTIC;48,667;22;;Recreational;;164712;MRIP
2020;NEW YORK;COD, ATLANTIC;5,590;3;15,940;Commercial;Gadus morhua;164712;ACCSP
2020;NEW YORK;COD, ATLANTIC;263,338;119;;Recreational;;164712;MRIP
2020;OREGON;COD, PACIFIC;6,173;3;2,637;Commercial;Gadus macrocephalus;164711;PACFIN
2020;OREGON;COD, PACIFIC;401;0;;Recreational;;164711;MRIP
2020;RHODE ISLAND;COD, ATLANTIC;40,541;18;;Recreational;;164712;MRIP
2020;RHODE ISLAND;COD, ATLANTIC;17,589;8;37,426;Commercial;Gadus morhua;164712;ACCSP
2020;WASHINGTON;COD, PACIFIC;1,691;1;;Recreational;;164711;MRIP
2020;WASHINGTON;COD, PACIFIC;179,236;81;94,776;Commercial;Gadus macrocephalus;164711;PACFIN
2019;ALASKA;COD, PACIFIC;;;;Recreational;;164711;MRIP
2019;ALASKA;COD, PACIFIC;463,723,847;210,344;118,593,170;Commercial;Gadus macrocephalus;164711;AKFIN
2019;CONNECTICUT;COD, ATLANTIC;3,082;1;7,357;Commercial;Gadus morhua;164712;ACCSP
2019;CONNECTICUT;COD, ATLANTIC;270,565;123;;Recreational;;164712;MRIP
2019;MAINE;COD, ATLANTIC;88,427;40;241,324;Commercial;Gadus morhua;164712;ACCSP
2019;MAINE;COD, ATLANTIC;50,684;23;;Recreational;;164712;MRIP
2019;MASSACHUSETTS;COD, ATLANTIC;2,032,364;922;4,539,608;Commercial;Gadus morhua;164712;ACCSP
2019;MASSACHUSETTS;COD, ATLANTIC;24,033;11;;Recreational;;164712;MRIP
2019;NEW HAMPSHIRE;COD, ATLANTIC;98,439;45;243,959;Commercial;Gadus morhua;164712;ACCSP
2019;NEW HAMPSHIRE;COD, ATLANTIC;24,317;11;;Recreational;;164712;MRIP
2019;NEW JERSEY;COD, ATLANTIC;19,013;9;;Recreational;;164712;MRIP
2019;NEW YORK;COD, ATLANTIC;2,731;1;7,076;Commercial;Gadus morhua;164712;ACCSP
2019;NEW YORK;COD, ATLANTIC;120,143;54;;Recreational;;164712;MRIP
2019;OREGON;COD, PACIFIC;12,346;6;6,964;Commercial;Gadus macrocephalus;164711;PACFIN
2019;OREGON;COD, PACIFIC;15;0;;Recreational;;164711;MRIP
2019;RHODE ISLAND;COD, ATLANTIC;16,539;8;35,972;Commercial;Gadus morhua;164712;ACCSP
2019;RHODE ISLAND;COD, ATLANTIC;143,753;65;;Recreational;;164712;MRIP
2019;WASHINGTON;COD, PACIFIC;1,182;1;;Recreational;;164711;MRIP
2019;WASHINGTON;COD, PACIFIC;229,501;104;135,206;Commercial;Gadus macrocephalus;164711;PACFIN
2018;ALASKA;COD, PACIFIC;;;;Recreational;;164711;MRIP
2018;ALASKA;COD, PACIFIC;512,455,848;232,448;238,939,847;Commercial;Gadus macrocephalus;164711;AKFIN
2018;CONNECTICUT;COD, ATLANTIC;12,995;6;24,921;Commercial;Gadus morhua;164712;ACCSP
2018;CONNECTICUT;COD, ATLANTIC;8,254;4;;Recreational;;164712;MRIP
2018;DELAWARE;COD, ATLANTIC;24;0;;Recreational;;164712;MRIP
2018;MAINE;COD, ATLANTIC;90,017;41;212,132;Commercial;Gadus morhua;164712;ACCSP
2018;MAINE;COD, ATLANTIC;836;0;;Recreational;;164712;MRIP
2018;MASSACHUSETTS;COD, ATLANTIC;14,614;7;;Recreational;;164712;MRIP
2018;MASSACHUSETTS;COD, ATLANTIC;1,891,221;858;4,172,340;Commercial;Gadus morhua;164712;ACCSP
2018;NEW HAMPSHIRE;COD, ATLANTIC;990;0;;Recreational;;164712;MRIP
2018;NEW HAMPSHIRE;COD, ATLANTIC;88,755;40;209,414;Commercial;Gadus morhua;164712;ACCSP
2018;NEW JERSEY;COD, ATLANTIC;17,743;8;;Recreational;;164712;MRIP
2018;NEW JERSEY;COD, ATLANTIC;125;0;288;Commercial;Gadus morhua;164712;ACCSP
2018;NEW YORK;COD, ATLANTIC;2,416;1;6,580;Commercial;Gadus morhua;164712;ACCSP
2018;NEW YORK;COD, ATLANTIC;88,159;40;;Recreational;;164712;MRIP
2018;OREGON;COD, PACIFIC;13,889;6;8,482;Commercial;Gadus macrocephalus;164711;PACFIN
2018;OREGON;COD, PACIFIC;223;0;;Recreational;;164711;MRIP
2018;RHODE ISLAND;COD, ATLANTIC;65,741;30;151,753;Commercial;Gadus morhua;164712;ACCSP
2018;RHODE ISLAND;COD, ATLANTIC;56,599;26;;Recreational;;164712;MRIP
2018;WASHINGTON;COD, PACIFIC;2,105;1;;Recreational;;164711;MRIP
2018;WASHINGTON;COD, PACIFIC;272,271;124;143,509;Commercial;Gadus macrocephalus;164711;PACFIN
2017;ALASKA;COD, PACIFIC;;;;Recreational;;164711;MRIP
2017;ALASKA;COD, PACIFIC;657,266,257;298,134;194,058,038;Commercial;Gadus macrocephalus;164711;AKFIN
2017;CONNECTICUT;COD, ATLANTIC;937;0;2,299;Commercial;Gadus morhua;164712;ACCSP
2017;CONNECTICUT;COD, ATLANTIC;18,036;8;;Recreational;;164712;MRIP
2017;MAINE;COD, ATLANTIC;373;0;;Recreational;;164712;MRIP
2017;MAINE;COD, ATLANTIC;80,572;37;218,948;Commercial;Gadus morhua;164712;ACCSP
2017;MASSACHUSETTS;COD, ATLANTIC;1,582,750;718;3,773,361;Commercial;Gadus morhua;164712;ACCSP
2017;MASSACHUSETTS;COD, ATLANTIC;295,164;134;;Recreational;;164712;MRIP
2017;NEW HAMPSHIRE;COD, ATLANTIC;220,820;100;;Recreational;;164712;MRIP
2017;NEW HAMPSHIRE;COD, ATLANTIC;70,960;32;149,768;Commercial;Gadus morhua;164712;ACCSP
2017;NEW JERSEY;COD, ATLANTIC;39,849;18;;Recreational;;164712;MRIP
2017;NEW YORK;COD, ATLANTIC;8,015;4;21,661;Commercial;Gadus morhua;164712;ACCSP
2017;NEW YORK;COD, ATLANTIC;1,642,489;745;;Recreational;;164712;MRIP
2017;OREGON;COD, PACIFIC;94,358;43;53,817;Commercial;Gadus macrocephalus;164711;PACFIN
2017;OREGON;COD, PACIFIC;176;0;;Recreational;;164711;MRIP
2017;RHODE ISLAND;COD, ATLANTIC;33,166;15;;Recreational;;164712;MRIP
2017;RHODE ISLAND;COD, ATLANTIC;113,229;51;278,573;Commercial;Gadus morhua;164712;ACCSP
2017;WASHINGTON;COD, PACIFIC;1,440;1;;Recreational;;164711;MRIP
2017;WASHINGTON;COD, PACIFIC;596,350;271;297,118;Commercial;Gadus macrocephalus;164711;PACFIN
2016;ALASKA;COD, PACIFIC;;;;Recreational;;164711;MRIP
2016;ALASKA;COD, PACIFIC;707,151,529;320,762;170,629,498;Commercial;Gadus macrocephalus;164711;AKFIN
2016;CONNECTICUT;COD, ATLANTIC;25,660;12;48,883;Commercial;Gadus morhua;164712;ACCSP
2016;CONNECTICUT;COD, ATLANTIC;135,569;61;;Recreational;;164712;MRIP
2016;MAINE;COD, ATLANTIC;166,082;75;341,502;Commercial;Gadus morhua;164712;ACCSP
2016;MAINE;COD, ATLANTIC;26,740;12;;Recreational;;164712;MRIP
2016;MARYLAND;COD, ATLANTIC;93;0;;Recreational;;164712;MRIP
2016;MASSACHUSETTS;COD, ATLANTIC;254,176;115;;Recreational;;164712;MRIP
2016;MASSACHUSETTS;COD, ATLANTIC;2,723,898;1,236;5,164,251;Commercial;Gadus morhua;164712;ACCSP
2016;NEW HAMPSHIRE;COD, ATLANTIC;102,116;46;;Recreational;;164712;MRIP
2016;NEW HAMPSHIRE;COD, ATLANTIC;55,162;25;108,696;Commercial;Gadus morhua;164712;ACCSP
2016;NEW JERSEY;COD, ATLANTIC;48,669;22;;Recreational;;164712;MRIP
2016;NEW JERSEY;COD, ATLANTIC;1,030;0;2,637;Commercial;Gadus morhua;164712;ACCSP
2016;NEW YORK;COD, ATLANTIC;39,616;18;79,739;Commercial;Gadus morhua;164712;ACCSP
2016;NEW YORK;COD, ATLANTIC;1,773,100;804;;Recreational;;164712;MRIP
2016;OREGON;COD, PACIFIC;848,558;385;494,022;Commercial;Gadus macrocephalus;164711;PACFIN
2016;OREGON;COD, PACIFIC;269;0;;Recreational;;164711;MRIP
2016;RHODE ISLAND;COD, ATLANTIC;209,646;95;393,885;Commercial;Gadus morhua;164712;ACCSP
2016;RHODE ISLAND;COD, ATLANTIC;405,993;184;;Recreational;;164712;MRIP
2016;WASHINGTON;COD, PACIFIC;1,246;1;;Recreational;;164711;MRIP
2016;WASHINGTON;COD, PACIFIC;663,150;301;308,473;Commercial;Gadus macrocephalus;164711;PACFIN
2015;ALASKA;COD, PACIFIC;;;;Recreational;;164711;MRIP
2015;ALASKA;COD, PACIFIC;697,160,182;316,23;174,380,395;Commercial;Gadus macrocephalus;164711;AKFIN
2015;CONNECTICUT;COD, ATLANTIC;1,966;1;3,817;Commercial;Gadus morhua;164712;ACCSP
2015;DELAWARE;COD, ATLANTIC;4,370;2;;Recreational;;164712;MRIP
2015;MAINE;COD, ATLANTIC;6,609;3;;Recreational;;164712;MRIP
2015;MAINE;COD, ATLANTIC;254,596;115;496,876;Commercial;Gadus morhua;164712;ACCSP
2015;MARYLAND;COD, ATLANTIC;225;0;;Recreational;;164712;MRIP
2015;MASSACHUSETTS;COD, ATLANTIC;22,414;10;;Recreational;;164712;MRIP
2015;MASSACHUSETTS;COD, ATLANTIC;2,913,462;1,322;5,528,180;Commercial;Gadus morhua;164712;ACCSP
2015;NEW HAMPSHIRE;COD, ATLANTIC;7,086;3;;Recreational;;164712;MRIP
2015;NEW HAMPSHIRE;COD, ATLANTIC;44,701;20;93,294;Commercial;Gadus morhua;164712;ACCSP
2015;NEW JERSEY;COD, ATLANTIC;71;0;132;Commercial;Gadus morhua;164712;ACCSP
2015;NEW JERSEY;COD, ATLANTIC;107,861;49;;Recreational;;164712;MRIP
2015;NEW YORK;COD, ATLANTIC;10,858;5;23,552;Commercial;Gadus morhua;164712;ACCSP
2015;NEW YORK;COD, ATLANTIC;757,807;344;;Recreational;;164712;MRIP
2015;OREGON;COD, PACIFIC;830,260;377;480,059;Commercial;Gadus macrocephalus;164711;PACFIN
2015;OREGON;COD, PACIFIC;53;0;;Recreational;;164711;MRIP
2015;RHODE ISLAND;COD, ATLANTIC;138,921;63;281,060;Commercial;Gadus morhua;164712;ACCSP
2015;RHODE ISLAND;COD, ATLANTIC;198,202;90;;Recreational;;164712;MRIP
2015;VIRGINIA;COD, ATLANTIC;3,946;2;;Recreational;;164712;MRIP
2015;WASHINGTON;COD, PACIFIC;1,556;1;;Recreational;;164711;MRIP
2015;WASHINGTON;COD, PACIFIC;1,125,459;511;490,486;Commercial;Gadus macrocephalus;164711;PACFIN
2014;ALASKA;COD, PACIFIC;;;;Recreational;;164711;MRIP
2014;ALASKA;COD, PACIFIC;716,593,813;325,045;153,274,859;Commercial;Gadus macrocephalus;164711;AKFIN
2014;CONNECTICUT;COD, ATLANTIC;521;0;1,130;Commercial;Gadus morhua;164712;ACCSP
2014;MAINE;COD, ATLANTIC;295,444;134;;Recreational;;164712;MRIP
2014;MAINE;COD, ATLANTIC;404,122;183;884,372;Commercial;Gadus morhua;164712;ACCSP
2014;MASSACHUSETTS;COD, ATLANTIC;4,294,558;1,948;7,493,751;Commercial;Gadus morhua;164712;ACCSP
2014;MASSACHUSETTS;COD, ATLANTIC;1,594,578;723;;Recreational;;164712;MRIP
2014;NEW HAMPSHIRE;COD, ATLANTIC;358,602;163;;Recreational;;164712;MRIP
2014;NEW HAMPSHIRE;COD, ATLANTIC;263,511;120;571,619;Commercial;Gadus morhua;164712;ACCSP
2014;NEW JERSEY;COD, ATLANTIC;275,300;125;;Recreational;;164712;MRIP
2014;NEW YORK;COD, ATLANTIC;182,596;83;;Recreational;;164712;MRIP
2014;NEW YORK;COD, ATLANTIC;9,919;4;22,744;Commercial;Gadus morhua;164712;ACCSP
2014;OREGON;COD, PACIFIC;354,503;161;184,486;Commercial;Gadus macrocephalus;164711;PACFIN
2014;OREGON;COD, PACIFIC;15;0;;Recreational;;164711;MRIP
2014;RHODE ISLAND;COD, ATLANTIC;108,474;49;;Recreational;;164712;MRIP
2014;RHODE ISLAND;COD, ATLANTIC;195,069;88;382,000;Commercial;Gadus morhua;164712;ACCSP
2014;WASHINGTON;COD, PACIFIC;1,585;1;;Recreational;;164711;MRIP
2014;WASHINGTON;COD, PACIFIC;611,782;278;264,532;Commercial;Gadus macrocephalus;164711;PACFIN
2013;ALASKA;COD, PACIFIC;;;;Recreational;;164711;MRIP
2013;ALASKA;COD, PACIFIC;681,318,098;309,044;156,129,081;Commercial;Gadus macrocephalus;164711;AKFIN
2013;CONNECTICUT;COD, ATLANTIC;5,854;3;10,063;Commercial;Gadus morhua;164712;ACCSP
2013;MAINE;COD, ATLANTIC;514,251;233;;Recreational;;164712;MRIP
2013;MAINE;COD, ATLANTIC;286,299;130;737,684;Commercial;Gadus morhua;164712;ACCSP
2013;MARYLAND;COD, ATLANTIC;258;0;;Recreational;;164712;MRIP
2013;MASSACHUSETTS;COD, ATLANTIC;4,145,436;1,88;8,376,593;Commercial;Gadus morhua;164712;ACCSP
2013;MASSACHUSETTS;COD, ATLANTIC;2,246,096;1,019;;Recreational;;164712;MRIP
2013;NEW HAMPSHIRE;COD, ATLANTIC;775,280;352;;Recreational;;164712;MRIP
2013;NEW HAMPSHIRE;COD, ATLANTIC;229,878;104;546,325;Commercial;Gadus morhua;164712;ACCSP
2013;NEW JERSEY;COD, ATLANTIC;373;0;;Recreational;;164712;MRIP
2013;NEW JERSEY;COD, ATLANTIC;1,015;0;2,133;Commercial;Gadus morhua;164712;ACCSP
2013;NEW YORK;COD, ATLANTIC;7,498;3;;Recreational;;164712;MRIP
2013;NEW YORK;COD, ATLANTIC;28,159;13;63,193;Commercial;Gadus morhua;164712;ACCSP
2013;OREGON;COD, PACIFIC;77;0;;Recreational;;164711;MRIP
2013;OREGON;COD, PACIFIC;315,922;143;174,683;Commercial;Gadus macrocephalus;164711;PACFIN
2013;RHODE ISLAND;COD, ATLANTIC;290,381;132;722,982;Commercial;Gadus morhua;164712;ACCSP
2013;RHODE ISLAND;COD, ATLANTIC;5,110;2;;Recreational;;164712;MRIP
2013;VIRGINIA;COD, ATLANTIC;432;0;250;Commercial;Gadus morhua;164712;ACCSP
2013;WASHINGTON;COD, PACIFIC;1,224;1;;Recreational;;164711;MRIP
2013;WASHINGTON;COD, PACIFIC;552,037;250;272,826;Commercial;Gadus macrocephalus;164711;PACFIN
2012;ALASKA;COD, PACIFIC;;;;Recreational;;164711;MRIP
2012;ALASKA;COD, PACIFIC;716,899,276;325,183;171,206,230;Commercial;Gadus macrocephalus;164711;AKFIN
2012;CONNECTICUT;COD, ATLANTIC;13,777;6;;Recreational;;164712;MRIP
2012;CONNECTICUT;COD, ATLANTIC;7,256;3;14,222;Commercial;Gadus morhua;164712;ACCSP
2012;MAINE;COD, ATLANTIC;202,843;92;;Recreational;;164712;MRIP
2012;MAINE;COD, ATLANTIC;492,714;223;1,234,332;Commercial;Gadus morhua;164712;ACCSP
2012;MARYLAND;COD, ATLANTIC;104;0;;Recreational;;164712;MRIP
2012;MASSACHUSETTS;COD, ATLANTIC;8,980,220;4,073;18,550,328;Commercial;Gadus morhua;164712;ACCSP
2012;MASSACHUSETTS;COD, ATLANTIC;2,081,862;944;;Recreational;;164712;MRIP
2012;NEW HAMPSHIRE;COD, ATLANTIC;725,539;329;1,750,400;Commercial;Gadus morhua;164712;ACCSP
2012;NEW HAMPSHIRE;COD, ATLANTIC;482,522;219;;Recreational;;164712;MRIP
2012;NEW JERSEY;COD, ATLANTIC;10,549;5;;Recreational;;164712;MRIP
2012;NEW JERSEY;COD, ATLANTIC;875;0;1,803;Commercial;Gadus morhua;164712;ACCSP
2012;NEW YORK;COD, ATLANTIC;1,389;1;;Recreational;;164712;MRIP
2012;NEW YORK;COD, ATLANTIC;25,523;12;58,790;Commercial;Gadus morhua;164712;ACCSP
2012;OREGON;COD, PACIFIC;231;0;;Recreational;;164711;MRIP
2012;OREGON;COD, PACIFIC;863,991;392;515,873;Commercial;Gadus macrocephalus;164711;PACFIN
2012;RHODE ISLAND;COD, ATLANTIC;271,413;123;582,169;Commercial;Gadus morhua;164712;ACCSP
2012;RHODE ISLAND;COD, ATLANTIC;153,116;69;;Recreational;;164712;MRIP
2012;VIRGINIA;COD, ATLANTIC;106;0;91;Commercial;Gadus morhua;164712;ACCSP
2012;WASHINGTON;COD, PACIFIC;539,030;245;277,926;Commercial;Gadus macrocephalus;164711;PACFIN
2012;WASHINGTON;COD, PACIFIC;721;0;;Recreational;;164711;MRIP
2011;ALASKA;COD, PACIFIC;;;;Recreational;;164711;MRIP
2011;ALASKA;COD, PACIFIC;663,188,251;300,82;163,440,122;Commercial;Gadus macrocephalus;164711;AKFIN
2011;CONNECTICUT;COD, ATLANTIC;1,136;1;1,885;Commercial;Gadus morhua;164712;ACCSP
2011;DELAWARE;COD, ATLANTIC;101;0;;Recreational;;164712;MRIP
2011;MAINE;COD, ATLANTIC;814,075;369;1,617,508;Commercial;Gadus morhua;164712;ACCSP
2011;MAINE;COD, ATLANTIC;598,121;271;;Recreational;;164712;MRIP
2011;MARYLAND;COD, ATLANTIC;2,577;1;4,784;Commercial;Gadus morhua;164712;ACCSP
2011;MARYLAND;COD, ATLANTIC;1,570;1;;Recreational;;164712;MRIP
2011;MASSACHUSETTS;COD, ATLANTIC;4,535,340;2,057;;Recreational;;164712;MRIP
2011;MASSACHUSETTS;COD, ATLANTIC;15,012,115;6,809;27,582,664;Commercial;Gadus morhua;164712;ACCSP
2011;NEW HAMPSHIRE;COD, ATLANTIC;1,122,436;509;;Recreational;;164712;MRIP
2011;NEW HAMPSHIRE;COD, ATLANTIC;1,286,415;584;2,499,831;Commercial;Gadus morhua;164712;ACCSP
2011;NEW JERSEY;COD, ATLANTIC;1,581;1;4,356;Commercial;Gadus morhua;164712;ACCSP
2011;NEW JERSEY;COD, ATLANTIC;41,623;19;;Recreational;;164712;MRIP
2011;NEW YORK;COD, ATLANTIC;210,178;95;;Recreational;;164712;MRIP
2011;NEW YORK;COD, ATLANTIC;70,681;32;132,196;Commercial;Gadus morhua;164712;ACCSP
2011;OREGON;COD, PACIFIC;555,564;252;309,727;Commercial;Gadus macrocephalus;164711;PACFIN
2011;OREGON;COD, PACIFIC;68;0;;Recreational;;164711;MRIP
2011;RHODE ISLAND;COD, ATLANTIC;26,107;12;;Recreational;;164712;MRIP
2011;RHODE ISLAND;COD, ATLANTIC;408,860;185;758,662;Commercial;Gadus morhua;164712;ACCSP
2011;VIRGINIA;COD, ATLANTIC;34,405;16;;Recreational;;164712;MRIP
2011;VIRGINIA;COD, ATLANTIC;653;0;1,201;Commercial;Gadus morhua;164712;ACCSP
2011;WASHINGTON;COD, PACIFIC;778,231;353;392,991;Commercial;Gadus macrocephalus;164711;PACFIN
2011;WASHINGTON;COD, PACIFIC;3,067;1;;Recreational;;164711;MRIP
2010;ALASKA;COD, PACIFIC;;;;Recreational;;164711;MRIP
2010;ALASKA;COD, PACIFIC;538,759,655;244,38;145,907,806;Commercial;Gadus macrocephalus;164711;AKFIN
2010;CONNECTICUT;COD, ATLANTIC;5,673;3;9,457;Commercial;Gadus morhua;164712;ACCSP
2010;DELAWARE;COD, ATLANTIC;251;0;;Recreational;;164712;MRIP
2010;MAINE;COD, ATLANTIC;748,130;339;1,388,714;Commercial;Gadus morhua;164712;ACCSP
2010;MAINE;COD, ATLANTIC;139,890;63;;Recreational;;164712;MRIP
2010;MARYLAND;COD, ATLANTIC;876;0;1,629;Commercial;Gadus morhua;164712;ACCSP
2010;MASSACHUSETTS;COD, ATLANTIC;4,767,463;2,163;;Recreational;;164712;MRIP
2010;MASSACHUSETTS;COD, ATLANTIC;15,371,746;6,973;23,999,292;Commercial;Gadus morhua;164712;ACCSP
2010;NEW HAMPSHIRE;COD, ATLANTIC;1,339,719;608;;Recreational;;164712;MRIP
2010;NEW HAMPSHIRE;COD, ATLANTIC;1,226,516;556;2,186,977;Commercial;Gadus morhua;164712;ACCSP
2010;NEW JERSEY;COD, ATLANTIC;305;0;762;Commercial;Gadus morhua;164712;ACCSP
2010;NEW JERSEY;COD, ATLANTIC;288,557;131;;Recreational;;164712;MRIP
2010;NEW YORK;COD, ATLANTIC;101,406;46;;Recreational;;164712;MRIP
2010;NEW YORK;COD, ATLANTIC;91,221;41;146,861;Commercial;Gadus morhua;164712;ACCSP
2010;OREGON;COD, PACIFIC;121,915;55;60,456;Commercial;Gadus macrocephalus;164711;PACFIN
2010;OREGON;COD, PACIFIC;68;0;;Recreational;;164711;MRIP
2010;RHODE ISLAND;COD, ATLANTIC;15,252;7;;Recreational;;164712;MRIP
2010;RHODE ISLAND;COD, ATLANTIC;279,080;127;410,117;Commercial;Gadus morhua;164712;ACCSP
2010;VIRGINIA;COD, ATLANTIC;8,318;4;;Recreational;;164712;MRIP
2010;VIRGINIA;COD, ATLANTIC;230;0;165;Commercial;Gadus morhua;164712;ACCSP
2010;WASHINGTON;COD, PACIFIC;742,075;337;333,703;Commercial;Gadus macrocephalus;164711;PACFIN
2010;WASHINGTON;COD, PACIFIC;357;0;;Recreational;;164711;MRIP
2009;ALASKA;COD, PACIFIC;;;;Recreational;;164711;MRIP
2009;ALASKA;COD, PACIFIC;491,072,879;222,749;98,506,890;Commercial;Gadus macrocephalus;164711;AKFIN
2009;CONNECTICUT;COD, ATLANTIC;6,641;3;11,639;Commercial;Gadus morhua;164712;ACCSP
2009;MAINE;COD, ATLANTIC;625,278;284;;Recreational;;164712;MRIP
2009;MAINE;COD, ATLANTIC;1,238,893;562;1,535,595;Commercial;Gadus morhua;164712;ACCSP
2009;MARYLAND;COD, ATLANTIC;201;0;;Recreational;;164712;MRIP
2009;MASSACHUSETTS;COD, ATLANTIC;16,034,285;7,273;20,427,796;Commercial;Gadus morhua;164712;ACCSP
2009;MASSACHUSETTS;COD, ATLANTIC;2,962,572;1,344;;Recreational;;164712;MRIP
2009;NEW HAMPSHIRE;COD, ATLANTIC;1,540,768;699;;Recreational;;164712;MRIP
2009;NEW HAMPSHIRE;COD, ATLANTIC;1,984,444;900;2,587,063;Commercial;Gadus morhua;164712;ACCSP
2009;NEW JERSEY;COD, ATLANTIC;2,167;1;;Recreational;;164712;MRIP
2009;NEW YORK;COD, ATLANTIC;281,149;128;;Recreational;;164712;MRIP
2009;NEW YORK;COD, ATLANTIC;78,347;36;134,177;Commercial;Gadus morhua;164712;ACCSP
2009;OREGON;COD, PACIFIC;146;0;;Recreational;;164711;MRIP
2009;OREGON;COD, PACIFIC;111,333;51;49,269;Commercial;Gadus macrocephalus;164711;PACFIN
2009;RHODE ISLAND;COD, ATLANTIC;395,805;180;532,753;Commercial;Gadus morhua;164712;ACCSP
2009;RHODE ISLAND;COD, ATLANTIC;28,510;13;;Recreational;;164712;MRIP
2009;VIRGINIA;COD, ATLANTIC;22;0;;Recreational;;164712;MRIP
2009;WASHINGTON;COD, PACIFIC;115;0;;Recreational;;164711;MRIP
2009;WASHINGTON;COD, PACIFIC;494,055;224;237,239;Commercial;Gadus macrocephalus;164711;PACFIN
2008;ALASKA;COD, PACIFIC;;;;Recreational;;164711;MRIP
2008;ALASKA;COD, PACIFIC;493,968,564;224,063;281,562,082;Commercial;Gadus macrocephalus;164711;AKFIN
2008;CONNECTICUT;COD, ATLANTIC;1,644;1;2,501;Commercial;Gadus morhua;164712;ACCSP
2008;MAINE;COD, ATLANTIC;444,289;202;;Recreational;;164712;MRIP
2008;MAINE;COD, ATLANTIC;1,324,467;601;3,775,057;Commercial;Gadus morhua;164712;ACCSP
2008;MARYLAND;COD, ATLANTIC;48;0;84;Commercial;Gadus morhua;164712;ACCSP
2008;MASSACHUSETTS;COD, ATLANTIC;16,055,843;7,283;24,172,011;Commercial;Gadus morhua;164712;ACCSP
2008;MASSACHUSETTS;COD, ATLANTIC;3,948,061;1,791;;Recreational;;164712;MRIP
2008;NEW HAMPSHIRE;COD, ATLANTIC;1,165,027;528;;Recreational;;164712;MRIP
2008;NEW HAMPSHIRE;COD, ATLANTIC;1,479,035;671;2,311,480;Commercial;Gadus morhua;164712;ACCSP
2008;NEW JERSEY;COD, ATLANTIC;5,575;3;;Recreational;;164712;MRIP
2008;NEW JERSEY;COD, ATLANTIC;966;0;1,195;Commercial;Gadus morhua;164712;ACCSP
2008;NEW YORK;COD, ATLANTIC;439,867;200;;Recreational;;164712;MRIP
2008;NEW YORK;COD, ATLANTIC;41,790;19;94,973;Commercial;Gadus morhua;164712;ACCSP
2008;OREGON;COD, PACIFIC;46;0;;Recreational;;164711;MRIP
2008;OREGON;COD, PACIFIC;14,991;7;7,724;Commercial;Gadus macrocephalus;164711;PACFIN
2008;RHODE ISLAND;COD, ATLANTIC;275,410;125;428,733;Commercial;Gadus morhua;164712;ACCSP
2008;RHODE ISLAND;COD, ATLANTIC;9,610;4;;Recreational;;164712;MRIP
2008;VIRGINIA;COD, ATLANTIC;6;0;3;Commercial;Gadus morhua;164712;ACCSP
2008;WASHINGTON;COD, PACIFIC;346;0;;Recreational;;164711;MRIP
2008;WASHINGTON;COD, PACIFIC;124,561;57;85,335;Commercial;Gadus macrocephalus;164711;PACFIN
2007;ALASKA;COD, PACIFIC;;;;Recreational;;164711;MRIP
2007;ALASKA;COD, PACIFIC;488,536,540;221,599;224,726,808;Commercial;Gadus macrocephalus;164711;AKFIN
2007;CONNECTICUT;COD, ATLANTIC;6,196;3;11,926;Commercial;Gadus morhua;164712;ACCSP
2007;MAINE;COD, ATLANTIC;164,853;75;;Recreational;;164712;MRIP
2007;MAINE;COD, ATLANTIC;1,371,629;622;2,215,055;Commercial;Gadus morhua;164712;ACCSP
2007;MASSACHUSETTS;COD, ATLANTIC;13,745,265;6,235;21,835,884;Commercial;Gadus morhua;164712;ACCSP
2007;MASSACHUSETTS;COD, ATLANTIC;3,387,117;1,536;;Recreational;;164712;MRIP
2007;NEW HAMPSHIRE;COD, ATLANTIC;701,860;318;;Recreational;;164712;MRIP
2007;NEW HAMPSHIRE;COD, ATLANTIC;1,168,100;530;1,972,337;Commercial;Gadus morhua;164712;ACCSP
2007;NEW YORK;COD, ATLANTIC;41,901;19;;Recreational;;164712;MRIP
2007;NEW YORK;COD, ATLANTIC;17,581;8;39,325;Commercial;Gadus morhua;164712;ACCSP
2007;OREGON;COD, PACIFIC;44,754;20;23,482;Commercial;Gadus macrocephalus;164711;PACFIN
2007;OREGON;COD, PACIFIC;15;0;;Recreational;;164711;MRIP
2007;RHODE ISLAND;COD, ATLANTIC;6,991;3;;Recreational;;164712;MRIP
2007;RHODE ISLAND;COD, ATLANTIC;634,298;288;996,269;Commercial;Gadus morhua;164712;ACCSP
2007;WASHINGTON;COD, PACIFIC;175,047;79;97,406;Commercial;Gadus macrocephalus;164711;PACFIN
2007;WASHINGTON;COD, PACIFIC;551;0;;Recreational;;164711;MRIP
2006;ALASKA;COD, PACIFIC;517,799,333;234,872;196,763,747;Commercial;Gadus macrocephalus;164711;AKFINHIST
2006;ALASKA;COD, PACIFIC;;;;Recreational;;164711;MRIP
2006;CONNECTICUT;COD, ATLANTIC;141;0;;Recreational;;164712;MRIP
2006;CONNECTICUT;COD, ATLANTIC;631;0;993;Commercial;Gadus morhua;164712;ACCSPHIST
2006;MAINE;COD, ATLANTIC;116,422;53;;Recreational;;164712;MRIP
2006;MAINE;COD, ATLANTIC;1,419,029;644;2,370,269;Commercial;Gadus morhua;164712;ACCSPHIST
2006;MASSACHUSETTS;COD, ATLANTIC;9,944,668;4,511;16,025,328;Commercial;Gadus morhua;164712;ACCSPHIST
2006;MASSACHUSETTS;COD, ATLANTIC;1,178,345;534;;Recreational;;164712;MRIP
2006;NEW HAMPSHIRE;COD, ATLANTIC;500,937;227;;Recreational;;164712;MRIP
2006;NEW HAMPSHIRE;COD, ATLANTIC;1,023,939;464;1,732,030;Commercial;Gadus morhua;164712;ACCSPHIST
2006;NEW JERSEY;COD, ATLANTIC;3,120;1;;Recreational;;164712;MRIP
2006;NEW JERSEY;COD, ATLANTIC;24;0;54;Commercial;Gadus morhua;164712;ACCSPHIST
2006;NEW YORK;COD, ATLANTIC;1,285;1;;Recreational;;164712;MRIP
2006;NEW YORK;COD, ATLANTIC;3,864;2;8,633;Commercial;Gadus morhua;164712;ACCSPHIST
2006;OREGON;COD, PACIFIC;393,304;178;187,847;Commercial;Gadus macrocephalus;164711;PACFIN
2006;OREGON;COD, PACIFIC;7;0;;Recreational;;164711;MRIP
2006;RHODE ISLAND;COD, ATLANTIC;14,387;7;;Recreational;;164712;MRIP
2006;RHODE ISLAND;COD, ATLANTIC;196,027;89;303,595;Commercial;Gadus morhua;164712;ACCSPHIST
2006;WASHINGTON;COD, PACIFIC;6,003;3;;Recreational;;164711;MRIP
2006;WASHINGTON;COD, PACIFIC;543,218;246;285,331;Commercial;Gadus macrocephalus;164711;PACFIN
2005;ALASKA;COD, PACIFIC;;;;Recreational;;164711;MRIP
2005;ALASKA;COD, PACIFIC;546,748,030;248,003;149,808,960;Commercial;Gadus macrocephalus;164711;AKFINHIST
2005;CONNECTICUT;COD, ATLANTIC;4,885;2;7,011;Commercial;Gadus morhua;164712;ACCSPHIST
2005;MAINE;COD, ATLANTIC;426,008;193;;Recreational;;164712;MRIP
2005;MAINE;COD, ATLANTIC;1,952,246;886;2,797,076;Commercial;Gadus morhua;164712;ACCSPHIST
2005;MASSACHUSETTS;COD, ATLANTIC;10,417,134;4,725;15,768,021;Commercial;Gadus morhua;164712;ACCSPHIST
2005;MASSACHUSETTS;COD, ATLANTIC;4,536,057;2,058;;Recreational;;164712;MRIP
2005;NEW HAMPSHIRE;COD, ATLANTIC;864,202;392;;Recreational;;164712;MRIP
2005;NEW HAMPSHIRE;COD, ATLANTIC;1,293,047;587;1,892,161;Commercial;Gadus morhua;164712;ACCSPHIST
2005;NEW JERSEY;COD, ATLANTIC;478;0;;Recreational;;164712;MRIP
2005;NEW YORK;COD, ATLANTIC;39,929;18;68,411;Commercial;Gadus morhua;164712;ACCSPHIST
2005;NEW YORK;COD, ATLANTIC;364,120;165;;Recreational;;164712;MRIP
2005;OREGON;COD, PACIFIC;623,687;283;286,550;Commercial;Gadus macrocephalus;164711;PACFIN
2005;RHODE ISLAND;COD, ATLANTIC;9,641;4;;Recreational;;164712;MRIP
2005;RHODE ISLAND;COD, ATLANTIC;204,898;93;287,592;Commercial;Gadus morhua;164712;ACCSPHIST
2005;WASHINGTON;COD, PACIFIC;1,374,140;623;640,625;Commercial;Gadus macrocephalus;164711;PACFIN
2005;WASHINGTON;COD, PACIFIC;12,423;6;;Recreational;;164711;MRIP
2004;ALASKA;COD, PACIFIC;;;;Recreational;;164711;MRIP
2004;ALASKA;COD, PACIFIC;587,337,007;266,414;147,421,589;Commercial;Gadus macrocephalus;164711;AKFINHIST
2004;CONNECTICUT;COD, ATLANTIC;4,282;2;4,385;Commercial;Gadus morhua;164712;ACCSPHIST
2004;CONNECTICUT;COD, ATLANTIC;212;0;;Recreational;;164712;MRIP
2004;DELAWARE;COD, ATLANTIC;2;0;1;Commercial;Gadus morhua;164712;ACCSPHIST
2004;MAINE;COD, ATLANTIC;2,371,787;1,076;3,159,554;Commercial;Gadus morhua;164712;ACCSPHIST
2004;MAINE;COD, ATLANTIC;41,758;19;;Recreational;;164712;MRIP
2004;MASSACHUSETTS;COD, ATLANTIC;3,841,399;1,742;;Recreational;;164712;MRIP
2004;MASSACHUSETTS;COD, ATLANTIC;11,737,106;5,324;15,877,964;Commercial;Gadus morhua;164712;ACCSPHIST
2004;NEW HAMPSHIRE;COD, ATLANTIC;880,368;399;;Recreational;;164712;MRIP
2004;NEW HAMPSHIRE;COD, ATLANTIC;1,632,785;741;2,243,728;Commercial;Gadus morhua;164712;ACCSPHIST
2004;NEW JERSEY;COD, ATLANTIC;107;0;148;Commercial;Gadus morhua;164712;ACCSPHIST
2004;NEW JERSEY;COD, ATLANTIC;569;0;;Recreational;;164712;MRIP
2004;NEW YORK;COD, ATLANTIC;57,786;26;100,989;Commercial;Gadus morhua;164712;ACCSPHIST
2004;NEW YORK;COD, ATLANTIC;93,037;42;;Recreational;;164712;MRIP
2004;OREGON;COD, PACIFIC;207;0;;Recreational;;164711;MRIP
2004;OREGON;COD, PACIFIC;1,178,810;535;536,664;Commercial;Gadus macrocephalus;164711;PACFIN
2004;RHODE ISLAND;COD, ATLANTIC;270,834;123;313,089;Commercial;Gadus morhua;164712;ACCSPHIST
2004;RHODE ISLAND;COD, ATLANTIC;5,635;3;;Recreational;;164712;MRIP
2004;VIRGINIA;COD, ATLANTIC;58;0;35;Commercial;Gadus morhua;164712;ACCSPHIST
2004;WASHINGTON;COD, PACIFIC;2,157,441;979;993,924;Commercial;Gadus macrocephalus;164711;PACFIN
2004;WASHINGTON;COD, PACIFIC;16,530;7;;Recreational;;164711;MRIP
2003;ALASKA;COD, PACIFIC;564,561,894;256,084;158,077,330;Commercial;Gadus macrocephalus;164711;AKFINHIST
2003;ALASKA;COD, PACIFIC;;;;Recreational;;164711;MRIP
2003;CALIFORNIA;COD, PACIFIC;1,316;1;847;Commercial;Gadus macrocephalus;164711;PACFINHIST
2003;CONNECTICUT;COD, ATLANTIC;21,597;10;;Recreational;;164712;MRIP
2003;MAINE;COD, ATLANTIC;159,524;72;;Recreational;;164712;MRIP
2003;MAINE;COD, ATLANTIC;2,386,566;1,083;2,954,969;Commercial;Gadus morhua;164712;ACCSPHIST
2003;MASSACHUSETTS;COD, ATLANTIC;3,879,297;1,76;;Recreational;;164712;MRIP
2003;MASSACHUSETTS;COD, ATLANTIC;19,211,164;8,714;22,167,498;Commercial;Gadus morhua;164712;ACCSPHIST
2003;NEW HAMPSHIRE;COD, ATLANTIC;1,391,219;631;;Recreational;;164712;MRIP
2003;NEW HAMPSHIRE;COD, ATLANTIC;1,457,880;661;1,853,067;Commercial;Gadus morhua;164712;ACCSPHIST
2003;NEW JERSEY;COD, ATLANTIC;;;;Recreational;;164712;MRIP
2003;NEW YORK;COD, ATLANTIC;56,407;26;92,428;Commercial;Gadus morhua;164712;ACCSPHIST
2003;NEW YORK;COD, ATLANTIC;;;;Recreational;;164712;MRIP
2003;OREGON;COD, PACIFIC;256;0;;Recreational;;164711;MRIP
2003;OREGON;COD, PACIFIC;634,894;288;380,888;Commercial;Gadus macrocephalus;164711;PACFINHIST
2003;RHODE ISLAND;COD, ATLANTIC;4,544;2;;Recreational;;164712;MRIP
2003;RHODE ISLAND;COD, ATLANTIC;487,976;221;467,065;Commercial;Gadus morhua;164712;ACCSPHIST
2003;WASHINGTON;COD, PACIFIC;2,342,468;1,063;1,158,470;Commercial;Gadus macrocephalus;164711;PACFINHIST
2003;WASHINGTON;COD, PACIFIC;25,781;12;;Recreational;;164711;MRIP
2002;ALASKA;COD, PACIFIC;;;;Recreational;;164711;MRIP
2002;ALASKA;COD, PACIFIC;510,758,682;231,679;95,157,191;Commercial;Gadus macrocephalus;164711;AKFINHIST
2002;CONNECTICUT;COD, ATLANTIC;2,718;1;;Recreational;;164712;MRIP
2002;MAINE;COD, ATLANTIC;108,741;49;;Recreational;;164712;MRIP
2002;MAINE;COD, ATLANTIC;2,903,966;1,317;3,203,755;Commercial;Gadus morhua;164712;ACCSPHIST
2002;MASSACHUSETTS;COD, ATLANTIC;23,829,006;10,809;24,995,502;Commercial;Gadus morhua;164712;ACCSPHIST
2002;MASSACHUSETTS;COD, ATLANTIC;4,393,717;1,993;;Recreational;;164712;MRIP
2002;NEW HAMPSHIRE;COD, ATLANTIC;413,951;188;;Recreational;;164712;MRIP
2002;NEW HAMPSHIRE;COD, ATLANTIC;1,583,483;718;1,983,097;Commercial;Gadus morhua;164712;ACCSPHIST
2002;NEW YORK;COD, ATLANTIC;5,524;3;6,752;Commercial;Gadus morhua;164712;ACCSPHIST
2002;OREGON;COD, PACIFIC;59,352;27;34,262;Commercial;Gadus macrocephalus;164711;PACFINHIST
2002;OREGON;COD, PACIFIC;55;0;;Recreational;;164711;MRIP
2002;RHODE ISLAND;COD, ATLANTIC;13,188;6;;Recreational;;164712;MRIP
2002;RHODE ISLAND;COD, ATLANTIC;528,317;240;449,805;Commercial;Gadus morhua;164712;ACCSPHIST
2002;WASHINGTON;COD, PACIFIC;2,008,439;911;1,014,013;Commercial;Gadus macrocephalus;164711;PACFINHIST
2002;WASHINGTON;COD, PACIFIC;11,720;5;;Recreational;;164711;MRIP
2001;ALASKA;COD, PACIFIC;;;;Recreational;;164711;MRIP
2001;ALASKA;COD, PACIFIC;470,768,496;213,539;117,604,636;Commercial;Gadus macrocephalus;164711;AKFINHIST
2001;CALIFORNIA;COD, PACIFIC;798;0;138;Commercial;Gadus macrocephalus;164711;PACFINHIST
2001;CONNECTICUT;COD, ATLANTIC;209,094;95;178,308;Commercial;Gadus morhua;164712;ACCSPHIST
2001;MAINE;COD, ATLANTIC;621,422;282;;Recreational;;164712;MRIP
2001;MAINE;COD, ATLANTIC;2,941,822;1,334;3,114,399;Commercial;Gadus morhua;164712;ACCSPHIST
2001;MASSACHUSETTS;COD, ATLANTIC;27,439,731;12,447;26,106,552;Commercial;Gadus morhua;164712;ACCSPHIST
2001;MASSACHUSETTS;COD, ATLANTIC;4,994,793;2,266;;Recreational;;164712;MRIP
2001;NEW HAMPSHIRE;COD, ATLANTIC;935,080;424;;Recreational;;164712;MRIP
2001;NEW HAMPSHIRE;COD, ATLANTIC;1,975,595;896;2,017,105;Commercial;Gadus morhua;164712;ACCSPHIST
2001;NEW JERSEY;COD, ATLANTIC;;;;Recreational;;164712;MRIP
2001;NEW JERSEY;COD, ATLANTIC;75;0;102;Commercial;Gadus morhua;164712;ACCSPHIST
2001;NEW YORK;COD, ATLANTIC;;;;Recreational;;164712;MRIP
2001;NEW YORK;COD, ATLANTIC;120,545;55;191,395;Commercial;Gadus morhua;164712;ACCSPHIST
2001;OREGON;COD, PACIFIC;68,541;31;39,957;Commercial;Gadus macrocephalus;164711;PACFINHIST
2001;OREGON;COD, PACIFIC;42;0;;Recreational;;164711;MRIP
2001;RHODE ISLAND;COD, ATLANTIC;521,859;237;487,229;Commercial;Gadus morhua;164712;ACCSPHIST
2001;RHODE ISLAND;COD, ATLANTIC;17,143;8;;Recreational;;164712;MRIP
2001;WASHINGTON;COD, PACIFIC;2,222;1;;Recreational;;164711;MRIP
2001;WASHINGTON;COD, PACIFIC;873,429;396;426,234;Commercial;Gadus macrocephalus;164711;PACFINHIST
2000;ALASKA;COD, PACIFIC;;;;Recreational;;164711;MRIP
2000;ALASKA;COD, PACIFIC;529,663,924;240,254;141,941,773;Commercial;Gadus macrocephalus;164711;AKFINHIST
2000;CALIFORNIA;COD, PACIFIC;22;0;18;Commercial;Gadus macrocephalus;164711;PACFINHIST
2000;CONNECTICUT;COD, ATLANTIC;79,668;36;82,544;Commercial;Gadus morhua;164712;ACCSPHIST
2000;DELAWARE;COD, ATLANTIC;9;0;;Recreational;;164712;MRIP
2000;MAINE;COD, ATLANTIC;450,191;204;;Recreational;;164712;MRIP
2000;MAINE;COD, ATLANTIC;2,602,104;1,18;2,994,368;Commercial;Gadus morhua;164712;ACCSPHIST
2000;MASSACHUSETTS;COD, ATLANTIC;19,814,072;8,988;20,664,297;Commercial;Gadus morhua;164712;ACCSPHIST
2000;MASSACHUSETTS;COD, ATLANTIC;3,556,167;1,613;;Recreational;;164712;MRIP
2000;NEW HAMPSHIRE;COD, ATLANTIC;1,756,330;797;1,807,127;Commercial;Gadus morhua;164712;ACCSPHIST
2000;NEW HAMPSHIRE;COD, ATLANTIC;582,845;264;;Recreational;;164712;MRIP
2000;NEW JERSEY;COD, ATLANTIC;280;0;341;Commercial;Gadus morhua;164712;ACCSPHIST
2000;NEW YORK;COD, ATLANTIC;89,503;41;123,287;Commercial;Gadus morhua;164712;ACCSPHIST
2000;NEW YORK;COD, ATLANTIC;603,860;274;;Recreational;;164712;MRIP
2000;OREGON;COD, PACIFIC;24,148;11;14,639;Commercial;Gadus macrocephalus;164711;PACFINHIST
2000;RHODE ISLAND;COD, ATLANTIC;156,464;71;;Recreational;;164712;MRIP
2000;RHODE ISLAND;COD, ATLANTIC;728,048;330;725,434;Commercial;Gadus morhua;164712;ACCSPHIST
2000;VIRGINIA;COD, ATLANTIC;126;0;108;Commercial;Gadus morhua;164712;ACCSPHIST
2000;WASHINGTON;COD, PACIFIC;816,033;370;373,073;Commercial;Gadus macrocephalus;164711;PACFINHIST
2000;WASHINGTON;COD, PACIFIC;;;;Recreational;;164711;MRIP
1999;ALASKA;COD, PACIFIC;;;;Recreational;;164711;MRIP
1999;ALASKA;COD, PACIFIC;523,280,870;237,359;82,925,077;Commercial;Gadus macrocephalus;164711;AKFINHIST
1999;CALIFORNIA;COD, PACIFIC;49;0;22;Commercial;Gadus macrocephalus;164711;PACFINHIST
1999;CONNECTICUT;COD, ATLANTIC;48,498;22;40,944;Commercial;Gadus morhua;164712;ACCSPHIST
1999;CONNECTICUT;COD, ATLANTIC;7,632;3;;Recreational;;164712;MRIP
1999;MAINE;COD, ATLANTIC;1,573,583;714;1,851,678;Commercial;Gadus morhua;164712;ACCSPHIST
1999;MAINE;COD, ATLANTIC;137,463;62;;Recreational;;164712;MRIP
1999;MARYLAND;COD, ATLANTIC;42;0;19;Commercial;Gadus morhua;164712;ACCSPHIST
1999;MASSACHUSETTS;COD, ATLANTIC;18,674,653;8,471;20,863,968;Commercial;Gadus morhua;164712;ACCSPHIST
1999;MASSACHUSETTS;COD, ATLANTIC;2,732,738;1,24;;Recreational;;164712;MRIP
1999;NEW HAMPSHIRE;COD, ATLANTIC;349,982;159;394,144;Commercial;Gadus morhua;164712;ACCSPHIST
1999;NEW HAMPSHIRE;COD, ATLANTIC;342,067;155;;Recreational;;164712;MRIP
1999;NEW JERSEY;COD, ATLANTIC;157;0;;Recreational;;164712;MRIP
1999;NEW JERSEY;COD, ATLANTIC;701;0;832;Commercial;Gadus morhua;164712;ACCSPHIST
1999;NEW YORK;COD, ATLANTIC;121,337;55;158,509;Commercial;Gadus morhua;164712;ACCSPHIST
1999;NORTH CAROLINA;COD, ATLANTIC;90;0;46;Commercial;Gadus morhua;164712;ACCSPHIST
1999;OREGON;COD, PACIFIC;82,162;37;37,175;Commercial;Gadus macrocephalus;164711;PACFINHIST
1999;RHODE ISLAND;COD, ATLANTIC;668,949;303;622,263;Commercial;Gadus morhua;164712;ACCSPHIST
1999;RHODE ISLAND;COD, ATLANTIC;339,069;154;;Recreational;;164712;MRIP
1999;WASHINGTON;COD, PACIFIC;627,090;284;265,671;Commercial;Gadus macrocephalus;164711;PACFINHIST
1999;WASHINGTON;COD, PACIFIC;780;0;;Recreational;;164711;MRIP
1998;ALASKA;COD, PACIFIC;;;;Recreational;;164711;MRIP
1998;ALASKA;COD, PACIFIC;588,271,827;266,838;111,816,350;Commercial;Gadus macrocephalus;164711;AKFINHIST
1998;CALIFORNIA;COD, PACIFIC;47;0;20;Commercial;Gadus macrocephalus;164711;PACFINHIST
1998;CONNECTICUT;COD, ATLANTIC;116,653;53;76,074;Commercial;Gadus morhua;164712;ACCSPHIST
1998;CONNECTICUT;COD, ATLANTIC;10,787;5;;Recreational;;164712;MRIP
1998;MAINE;COD, ATLANTIC;2,399,995;1,089;2,582,965;Commercial;Gadus morhua;164712;ACCSPHIST
1998;MAINE;COD, ATLANTIC;11,669;5;;Recreational;;164712;MRIP
1998;MARYLAND;COD, ATLANTIC;503;0;;Recreational;;164712;MRIP
1998;MASSACHUSETTS;COD, ATLANTIC;20,003,434;9,073;20,803,009;Commercial;Gadus morhua;164712;ACCSPHIST
1998;MASSACHUSETTS;COD, ATLANTIC;1,851,697;840;;Recreational;;164712;MRIP
1998;NEW HAMPSHIRE;COD, ATLANTIC;107,004;49;;Recreational;;164712;MRIP
1998;NEW HAMPSHIRE;COD, ATLANTIC;1,490,755;676;1,549,945;Commercial;Gadus morhua;164712;ACCSPHIST
1998;NEW JERSEY;COD, ATLANTIC;455;0;534;Commercial;Gadus morhua;164712;ACCSPHIST
1998;NEW JERSEY;COD, ATLANTIC;17,339;8;;Recreational;;164712;MRIP
1998;NEW YORK;COD, ATLANTIC;75,263;34;98,931;Commercial;Gadus morhua;164712;ACCSPHIST
1998;NEW YORK;COD, ATLANTIC;78,183;35;;Recreational;;164712;MRIP
1998;OREGON;COD, PACIFIC;169,359;77;82,840;Commercial;Gadus macrocephalus;164711;PACFINHIST
1998;RHODE ISLAND;COD, ATLANTIC;444,902;202;;Recreational;;164712;MRIP
1998;RHODE ISLAND;COD, ATLANTIC;415,471;188;349,079;Commercial;Gadus morhua;164712;ACCSPHIST
1998;WASHINGTON;COD, PACIFIC;1,182,114;536;520,939;Commercial;Gadus macrocephalus;164711;PACFINHIST
1998;WASHINGTON;COD, PACIFIC;4,548;2;;Recreational;;164711;MRIP
1997;ALASKA;COD, PACIFIC;696,452,648;315,909;147,039,622;Commercial;Gadus macrocephalus;164711;AKFINHIST
1997;ALASKA;COD, PACIFIC;;;;Recreational;;164711;MRIP
1997;CALIFORNIA;COD, PACIFIC;38;0;53;Commercial;Gadus macrocephalus;164711;PACFINHIST
1997;CONNECTICUT;COD, ATLANTIC;20,843;9;13,499;Commercial;Gadus morhua;164712;ACCSPHIST
1997;DELAWARE;COD, ATLANTIC;75;0;;Recreational;;164712;MRIP
1997;MAINE;COD, ATLANTIC;263,916;120;;Recreational;;164712;MRIP
1997;MAINE;COD, ATLANTIC;3,983,616;1,807;3,413,268;Commercial;Gadus morhua;164712;ACCSPHIST
1997;MARYLAND;COD, ATLANTIC;25;0;22;Commercial;Gadus morhua;164712;ACCSPHIST
1997;MASSACHUSETTS;COD, ATLANTIC;22,078,483;10,015;18,998,412;Commercial;Gadus morhua;164712;ACCSPHIST
1997;MASSACHUSETTS;COD, ATLANTIC;4,586,071;2,08;;Recreational;;164712;MRIP
1997;NEW HAMPSHIRE;COD, ATLANTIC;293,453;133;;Recreational;;164712;MRIP
1997;NEW HAMPSHIRE;COD, ATLANTIC;2,003,171;909;1,635,941;Commercial;Gadus morhua;164712;ACCSPHIST
1997;NEW JERSEY;COD, ATLANTIC;3,430;2;;Recreational;;164712;MRIP
1997;NEW JERSEY;COD, ATLANTIC;228;0;260;Commercial;Gadus morhua;164712;ACCSPHIST
1997;NEW YORK;COD, ATLANTIC;53,249;24;64,730;Commercial;Gadus morhua;164712;ACCSPHIST
1997;NEW YORK;COD, ATLANTIC;393,810;179;;Recreational;;164712;MRIP
1997;NORTH CAROLINA;COD, ATLANTIC;106;0;32;Commercial;Gadus morhua;164712;ACCSPHIST
1997;OREGON;COD, PACIFIC;113,385;51;45,320;Commercial;Gadus macrocephalus;164711;PACFINHIST
1997;RHODE ISLAND;COD, ATLANTIC;474,908;215;319,233;Commercial;Gadus morhua;164712;ACCSPHIST
1997;RHODE ISLAND;COD, ATLANTIC;154,802;70;;Recreational;;164712;MRIP
1997;VIRGINIA;COD, ATLANTIC;6;0;3;Commercial;Gadus morhua;164712;ACCSPHIST
1997;WASHINGTON;COD, PACIFIC;1,572;1;;Recreational;;164711;MRIP
1997;WASHINGTON;COD, PACIFIC;1,465,521;665;568,694;Commercial;Gadus macrocephalus;164711;PACFINHIST
1996;ALASKA;COD, PACIFIC;;;;Recreational;;164711;MRIP
1996;ALASKA;COD, PACIFIC;612,275,884;277,727;116,280,895;Commercial;Gadus macrocephalus;164711;AKFINHIST
1996;CONNECTICUT;COD, ATLANTIC;22,279;10;14,769;Commercial;Gadus morhua;164712;ACCSPHIST
1996;MAINE;COD, ATLANTIC;4,864,129;2,206;4,078,101;Commercial;Gadus morhua;164712;ACCSPHIST
1996;MAINE;COD, ATLANTIC;233,445;106;;Recreational;;164712;MRIP
1996;MARYLAND;COD, ATLANTIC;1,290;1;;Recreational;;164712;MRIP
1996;MASSACHUSETTS;COD, ATLANTIC;23,174,557;10,512;19,836,800;Commercial;Gadus morhua;164712;ACCSPHIST
1996;MASSACHUSETTS;COD, ATLANTIC;1,821,664;826;;Recreational;;164712;MRIP
1996;NEW HAMPSHIRE;COD, ATLANTIC;2,783,272;1,262;2,138,340;Commercial;Gadus morhua;164712;ACCSPHIST
1996;NEW HAMPSHIRE;COD, ATLANTIC;342,286;155;;Recreational;;164712;MRIP
1996;NEW JERSEY;COD, ATLANTIC;1,566;1;2,082;Commercial;Gadus morhua;164712;ACCSPHIST
1996;NEW JERSEY;COD, ATLANTIC;17,624;8;;Recreational;;164712;MRIP
1996;NEW YORK;COD, ATLANTIC;150,628;68;183,226;Commercial;Gadus morhua;164712;ACCSPHIST
1996;NEW YORK;COD, ATLANTIC;268,499;122;;Recreational;;164712;MRIP
1996;NORTH CAROLINA;COD, ATLANTIC;53;0;15;Commercial;Gadus morhua;164712;ACCSPHIST
1996;OREGON;COD, PACIFIC;184,834;84;73,771;Commercial;Gadus macrocephalus;164711;PACFINHIST
1996;RHODE ISLAND;COD, ATLANTIC;357,129;162;;Recreational;;164712;MRIP
1996;RHODE ISLAND;COD, ATLANTIC;393,499;178;360,161;Commercial;Gadus morhua;164712;ACCSPHIST
1996;VIRGINIA;COD, ATLANTIC;630;0;392;Commercial;Gadus morhua;164712;ACCSPHIST
1996;VIRGINIA;COD, ATLANTIC;99;0;;Recreational;;164712;MRIP
1996;WASHINGTON;COD, PACIFIC;17,419;8;;Recreational;;164711;MRIP
1996;WASHINGTON;COD, PACIFIC;1,308,164;593;503,096;Commercial;Gadus macrocephalus;164711;PACFINHIST
1995;ALASKA;COD, PACIFIC;597,760,115;271,142;114,342,440;Commercial;Gadus macrocephalus;164711;AKFINHIST
1995;CONNECTICUT;COD, ATLANTIC;289;0;;Recreational;;164712;MRIP
1995;CONNECTICUT;COD, ATLANTIC;21,215;10;27,578;Commercial;Gadus morhua;164712;ACCSPHIST
1995;MAINE;COD, ATLANTIC;1,518,444;689;;Recreational;;164712;MRIP
1995;MAINE;COD, ATLANTIC;5,323,474;2,415;5,087,070;Commercial;Gadus morhua;164712;ACCSPHIST
1995;MARYLAND;COD, ATLANTIC;31;0;17;Commercial;Gadus morhua;164712;ACCSPHIST
1995;MASSACHUSETTS;COD, ATLANTIC;21,244,024;9,636;20,255,265;Commercial;Gadus morhua;164712;ACCSPHIST
1995;MASSACHUSETTS;COD, ATLANTIC;2,318,328;1,052;;Recreational;;164712;MRIP
1995;NEW HAMPSHIRE;COD, ATLANTIC;2,761,019;1,252;2,467,100;Commercial;Gadus morhua;164712;ACCSPHIST
1995;NEW HAMPSHIRE;COD, ATLANTIC;144,912;66;;Recreational;;164712;MRIP
1995;NEW JERSEY;COD, ATLANTIC;2,024;1;2,301;Commercial;Gadus morhua;164712;ACCSPHIST
1995;NEW YORK;COD, ATLANTIC;2,922,033;1,325;;Recreational;;164712;MRIP
1995;NEW YORK;COD, ATLANTIC;219,686;100;256,270;Commercial;Gadus morhua;164712;ACCSPHIST
1995;NORTH CAROLINA;COD, ATLANTIC;143;0;71;Commercial;Gadus morhua;164712;ACCSPHIST
1995;OREGON;COD, PACIFIC;175,566;80;68,994;Commercial;Gadus macrocephalus;164711;PACFINHIST
1995;RHODE ISLAND;COD, ATLANTIC;483,042;219;492,884;Commercial;Gadus morhua;164712;ACCSPHIST
1995;RHODE ISLAND;COD, ATLANTIC;508,702;231;;Recreational;;164712;MRIP
1995;WASHINGTON;COD, PACIFIC;;;;Recreational;;164711;MRIP
1995;WASHINGTON;COD, PACIFIC;1,529,395;694;577,276;Commercial;Gadus macrocephalus;164711;PACFINHIST
1994;ALASKA;COD, PACIFIC;459,169,607;208,278;82,302,096;Commercial;Gadus macrocephalus;164711;AKFINHIST
1994;CALIFORNIA;COD, PACIFIC;613;0;;Recreational;;164711;MRIP
1994;CONNECTICUT;COD, ATLANTIC;86,580;39;59,000;Commercial;Gadus morhua;164712;ACCSPHIST
1994;DELAWARE;COD, ATLANTIC;108;0;;Recreational;;164712;MRIP
1994;MAINE;COD, ATLANTIC;8,250,157;3,742;7,709,548;Commercial;Gadus morhua;164712;ACCSPHIST
1994;MAINE;COD, ATLANTIC;253,142;115;;Recreational;;164712;MRIP
1994;MARYLAND;COD, ATLANTIC;20;0;13;Commercial;Gadus morhua;164712;ACCSPHIST
1994;MASSACHUSETTS;COD, ATLANTIC;2,665,649;1,209;;Recreational;;164712;MRIP
1994;MASSACHUSETTS;COD, ATLANTIC;26,998,742;12,247;25,252,238;Commercial;Gadus morhua;164712;ACCSPHIST
1994;NEW HAMPSHIRE;COD, ATLANTIC;3,014,581;1,367;2,708,000;Commercial;Gadus morhua;164712;ACCSPHIST
1994;NEW HAMPSHIRE;COD, ATLANTIC;421,992;191;;Recreational;;164712;MRIP
1994;NEW JERSEY;COD, ATLANTIC;3,353;2;;Recreational;;164712;MRIP
1994;NEW JERSEY;COD, ATLANTIC;3,254;1;4,094;Commercial;Gadus morhua;164712;ACCSPHIST
1994;NEW YORK;COD, ATLANTIC;1,006,645;457;;Recreational;;164712;MRIP
1994;NEW YORK;COD, ATLANTIC;248,313;113;310,516;Commercial;Gadus morhua;164712;ACCSPHIST
1994;NORTH CAROLINA;COD, ATLANTIC;232;0;114;Commercial;Gadus morhua;164712;ACCSPHIST
1994;OREGON;COD, PACIFIC;373,515;169;128,671;Commercial;Gadus macrocephalus;164711;PACFINHIST
1994;RHODE ISLAND;COD, ATLANTIC;538,519;244;;Recreational;;164712;MRIP
1994;RHODE ISLAND;COD, ATLANTIC;585,873;266;531,872;Commercial;Gadus morhua;164712;ACCSPHIST
1994;VIRGINIA;COD, ATLANTIC;8;0;7;Commercial;Gadus morhua;164712;ACCSPHIST
1994;WASHINGTON;COD, PACIFIC;1,696,026;769;571,597;Commercial;Gadus macrocephalus;164711;PACFINHIST
1994;WASHINGTON;COD, PACIFIC;;;;Recreational;;164711;MRIP
1993;ALASKA;COD, PACIFIC;425,237,935;192,887;72,918,495;Commercial;Gadus macrocephalus;164711;AKFINHIST
1993;CALIFORNIA;COD, PACIFIC;289;0;544;Commercial;Gadus macrocephalus;164711;PACFINHIST
1993;CONNECTICUT;COD, ATLANTIC;981;0;;Recreational;;164712;MRIP
1993;CONNECTICUT;COD, ATLANTIC;218,256;99;125,992;Commercial;Gadus morhua;164712;ACCSPHIST
1993;DELAWARE;COD, ATLANTIC;406;0;;Recreational;;164712;MRIP
1993;MAINE;COD, ATLANTIC;9,217,719;4,181;7,963,623;Commercial;Gadus morhua;164712;ACCSPHIST
1993;MAINE;COD, ATLANTIC;678,610;308;;Recreational;;164712;MRIP
1993;MARYLAND;COD, ATLANTIC;14;0;4;Commercial;Gadus morhua;164712;ACCSPHIST
1993;MASSACHUSETTS;COD, ATLANTIC;4,299,816;1,95;;Recreational;;164712;MRIP
1993;MASSACHUSETTS;COD, ATLANTIC;36,508,334;16,56;32,516,426;Commercial;Gadus morhua;164712;ACCSPHIST
1993;NEW HAMPSHIRE;COD, ATLANTIC;365,004;166;;Recreational;;164712;MRIP
1993;NEW HAMPSHIRE;COD, ATLANTIC;2,961,523;1,343;2,673,803;Commercial;Gadus morhua;164712;ACCSPHIST
1993;NEW JERSEY;COD, ATLANTIC;33,981;15;39,948;Commercial;Gadus morhua;164712;ACCSPHIST
1993;NEW JERSEY;COD, ATLANTIC;94,525;43;;Recreational;;164712;MRIP
1993;NEW YORK;COD, ATLANTIC;3,406,625;1,545;;Recreational;;164712;MRIP
1993;NEW YORK;COD, ATLANTIC;423,214;192;526,706;Commercial;Gadus morhua;164712;ACCSPHIST
1993;OREGON;COD, PACIFIC;1,072,982;487;354,664;Commercial;Gadus macrocephalus;164711;PACFINHIST
1993;RHODE ISLAND;COD, ATLANTIC;655,437;297;;Recreational;;164712;MRIP
1993;RHODE ISLAND;COD, ATLANTIC;1,243,719;564;1,108,472;Commercial;Gadus morhua;164712;ACCSPHIST
1993;VIRGINIA;COD, ATLANTIC;1,956;1;;Recreational;;164712;MRIP
1993;VIRGINIA;COD, ATLANTIC;3,101;1;2,858;Commercial;Gadus morhua;164712;ACCSPHIST
1993;WASHINGTON;COD, PACIFIC;2,434,902;1,104;794,046;Commercial;Gadus macrocephalus;164711;PACFINHIST
1993;WASHINGTON;COD, PACIFIC;;;;Recreational;;164711;MRIP
1992;ALASKA;COD, PACIFIC;552,594,158;250,655;125,313,941;Commercial;Gadus macrocephalus;164711;AKFINHIST
1992;CALIFORNIA;COD, PACIFIC;1,843;1;1,545;Commercial;Gadus macrocephalus;164711;PACFINHIST
1992;CONNECTICUT;COD, ATLANTIC;76,795;35;44,319;Commercial;Gadus morhua;164712;ACCSPHIST
1992;CONNECTICUT;COD, ATLANTIC;6,949;3;;Recreational;;164712;MRIP
1992;MAINE;COD, ATLANTIC;181,410;82;;Recreational;;164712;MRIP
1992;MAINE;COD, ATLANTIC;12,995,188;5,895;10,789,233;Commercial;Gadus morhua;164712;ACCSPHIST
1992;MASSACHUSETTS;COD, ATLANTIC;42,273,472;19,175;35,996,894;Commercial;Gadus morhua;164712;ACCSPHIST
1992;MASSACHUSETTS;COD, ATLANTIC;1,628,428;739;;Recreational;;164712;MRIP
1992;NEW HAMPSHIRE;COD, ATLANTIC;260,366;118;;Recreational;;164712;MRIP
1992;NEW HAMPSHIRE;COD, ATLANTIC;3,608,230;1,637;3,169,995;Commercial;Gadus morhua;164712;ACCSPHIST
1992;NEW JERSEY;COD, ATLANTIC;11,917;5;12,445;Commercial;Gadus morhua;164712;ACCSPHIST
1992;NEW JERSEY;COD, ATLANTIC;91,472;41;;Recreational;;164712;MRIP
1992;NEW YORK;COD, ATLANTIC;1,780,583;808;;Recreational;;164712;MRIP
1992;NEW YORK;COD, ATLANTIC;501,706;228;516,672;Commercial;Gadus morhua;164712;ACCSPHIST
1992;OREGON;COD, PACIFIC;901,865;409;306,280;Commercial;Gadus macrocephalus;164711;PACFINHIST
1992;RHODE ISLAND;COD, ATLANTIC;405,719;184;;Recreational;;164712;MRIP
1992;RHODE ISLAND;COD, ATLANTIC;2,081,584;944;1,661,335;Commercial;Gadus morhua;164712;ACCSPHIST
1992;VIRGINIA;COD, ATLANTIC;297;0;172;Commercial;Gadus morhua;164712;ACCSPHIST
1992;WASHINGTON;COD, PACIFIC;3,697,624;1,677;1,213,442;Commercial;Gadus macrocephalus;164711;PACFINHIST
1991;ALASKA;COD, PACIFIC;507,895,347;230,38;113,588,684;Commercial;Gadus macrocephalus;164711;AKFINHIST
1991;CALIFORNIA;COD, PACIFIC;459;0;202;Commercial;Gadus macrocephalus;164711;PACFINHIST
1991;CONNECTICUT;COD, ATLANTIC;227,785;103;153,088;Commercial;Gadus morhua;164712;ACCSPHIST
1991;CONNECTICUT;COD, ATLANTIC;15,086;7;;Recreational;;164712;MRIP
1991;DELAWARE;COD, ATLANTIC;71;0;;Recreational;;164712;MRIP
1991;MAINE;COD, ATLANTIC;21,179,873;9,607;16,285,661;Commercial;Gadus morhua;164712;ACCSPHIST
1991;MAINE;COD, ATLANTIC;1,177,986;534;;Recreational;;164712;MRIP
1991;MASSACHUSETTS;COD, ATLANTIC;2,989,550;1,356;;Recreational;;164712;MRIP
1991;MASSACHUSETTS;COD, ATLANTIC;62,453,071;28,329;50,649,672;Commercial;Gadus morhua;164712;ACCSPHIST
1991;NEW HAMPSHIRE;COD, ATLANTIC;1,129,295;512;;Recreational;;164712;MRIP
1991;NEW HAMPSHIRE;COD, ATLANTIC;4,649,553;2,109;3,714,543;Commercial;Gadus morhua;164712;ACCSPHIST
1991;NEW JERSEY;COD, ATLANTIC;10,945;5;10,589;Commercial;Gadus morhua;164712;ACCSPHIST
1991;NEW YORK;COD, ATLANTIC;635,394;288;592,032;Commercial;Gadus morhua;164712;ACCSPHIST
1991;NEW YORK;COD, ATLANTIC;1,865,108;846;;Recreational;;164712;MRIP
1991;OREGON;COD, PACIFIC;1,134,082;514;341,544;Commercial;Gadus macrocephalus;164711;PACFINHIST
1991;RHODE ISLAND;COD, ATLANTIC;1,567,548;711;;Recreational;;164712;MRIP
1991;RHODE ISLAND;COD, ATLANTIC;3,830,035;1,737;2,890,490;Commercial;Gadus morhua;164712;ACCSPHIST
1991;WASHINGTON;COD, PACIFIC;3,185,969;1,445;973,173;Commercial;Gadus macrocephalus;164711;PACFINHIST
1990;ALASKA;COD, PACIFIC;523,768,974;237,58;91,769,437;Commercial;Gadus macrocephalus;164711;AKFINHIST
1990;CONNECTICUT;COD, ATLANTIC;424,249;192;237,577;Commercial;Gadus morhua;164712;ACCSPHIST
1990;CONNECTICUT;COD, ATLANTIC;4,945;2;;Recreational;;164712;MRIP
1990;MAINE;COD, ATLANTIC;3,658,671;1,66;;Recreational;;164712;MRIP
1990;MAINE;COD, ATLANTIC;15,276,312;6,929;9,388,134;Commercial;Gadus morhua;164712;ACCSPHIST
1990;MARYLAND;COD, ATLANTIC;18;0;13;Commercial;Gadus morhua;164712;ACCSPHIST
1990;MASSACHUSETTS;COD, ATLANTIC;72,199,655;32,75;46,295,857;Commercial;Gadus morhua;164712;ACCSPHIST
1990;MASSACHUSETTS;COD, ATLANTIC;4,094,325;1,857;;Recreational;;164712;MRIP
1990;NEW HAMPSHIRE;COD, ATLANTIC;471,108;214;;Recreational;;164712;MRIP
1990;NEW HAMPSHIRE;COD, ATLANTIC;3,774,455;1,712;2,487,035;Commercial;Gadus morhua;164712;ACCSPHIST
1990;NEW JERSEY;COD, ATLANTIC;15,004;7;12,524;Commercial;Gadus morhua;164712;ACCSPHIST
1990;NEW JERSEY;COD, ATLANTIC;1,728;1;;Recreational;;164712;MRIP
1990;NEW YORK;COD, ATLANTIC;1,214,988;551;;Recreational;;164712;MRIP
1990;NEW YORK;COD, ATLANTIC;830,839;377;764,291;Commercial;Gadus morhua;164712;ACCSPHIST
1990;OREGON;COD, PACIFIC;510,279;231;130,764;Commercial;Gadus macrocephalus;164711;PACFINHIST
1990;RHODE ISLAND;COD, ATLANTIC;450,129;204;;Recreational;;164712;MRIP
1990;RHODE ISLAND;COD, ATLANTIC;3,653,159;1,657;2,258,596;Commercial;Gadus morhua;164712;ACCSPHIST
1990;VIRGINIA;COD, ATLANTIC;583;0;380;Commercial;Gadus morhua;164712;ACCSPHIST
1990;WASHINGTON;COD, PACIFIC;2,121,293;962;604,730;Commercial;Gadus macrocephalus;164711;PACFINHIST
1989;ALASKA;COD, PACIFIC;364,722,691;165,437;55,273,590;Commercial;Gadus macrocephalus;164711;AKFINHIST
1989;CALIFORNIA;COD, PACIFIC;222;0;83;Commercial;Gadus macrocephalus;164711;PACFINHIST
1989;CONNECTICUT;COD, ATLANTIC;460,300;209;362,020;Commercial;Gadus morhua;164712;ACCSPHIST
1989;MAINE;COD, ATLANTIC;2,806,427;1,273;;Recreational;;164712;MRIP
1989;MAINE;COD, ATLANTIC;12,416,600;5,632;7,263,348;Commercial;Gadus morhua;164712;ACCSPHIST
1989;MASSACHUSETTS;COD, ATLANTIC;58,532,500;26,55;35,701,271;Commercial;Gadus morhua;164712;ACCSPHIST
1989;MASSACHUSETTS;COD, ATLANTIC;2,424,791;1,1;;Recreational;;164712;MRIP
1989;NEW HAMPSHIRE;COD, ATLANTIC;631,889;287;;Recreational;;164712;MRIP
1989;NEW HAMPSHIRE;COD, ATLANTIC;3,449,800;1,565;2,169,221;Commercial;Gadus morhua;164712;ACCSPHIST
1989;NEW JERSEY;COD, ATLANTIC;79,300;36;51,193;Commercial;Gadus morhua;164712;ACCSPHIST
1989;NEW JERSEY;COD, ATLANTIC;24,577;11;;Recreational;;164712;MRIP
1989;NEW YORK;COD, ATLANTIC;778,400;353;636,757;Commercial;Gadus morhua;164712;ACCSPHIST
1989;NEW YORK;COD, ATLANTIC;2,982,030;1,353;;Recreational;;164712;MRIP
1989;OREGON;COD, PACIFIC;1,720,551;780;448,289;Commercial;Gadus macrocephalus;164711;PACFINHIST
1989;RHODE ISLAND;COD, ATLANTIC;3,334,100;1,512;1,902,095;Commercial;Gadus morhua;164712;ACCSPHIST
1989;RHODE ISLAND;COD, ATLANTIC;553,275;251;;Recreational;;164712;MRIP
1989;VIRGINIA;COD, ATLANTIC;1,000;0;367;Commercial;Gadus morhua;164712;ACCSPHIST
1989;WASHINGTON;COD, PACIFIC;3,727,581;1,691;998,653;Commercial;Gadus macrocephalus;164711;PACFINHIST
1989;WASHINGTON;COD, PACIFIC;122,705;56;;Recreational;;164711;MRIP
1988;ALASKA;COD, PACIFIC;260,281,201;118,063;36,914,772;Commercial;Gadus macrocephalus;164711;AKFINHIST
1988;CALIFORNIA;COD, PACIFIC;11,017;5;3,236;Commercial;Gadus macrocephalus;164711;PACFINHIST
1988;CONNECTICUT;COD, ATLANTIC;255,500;116;168,630;Commercial;Gadus morhua;164712;ACCSPHIST
1988;CONNECTICUT;COD, ATLANTIC;3,071;1;;Recreational;;164712;MRIP
1988;DELAWARE;COD, ATLANTIC;2,374;1;;Recreational;;164712;MRIP
1988;MAINE;COD, ATLANTIC;8,104,100;3,676;4,033,556;Commercial;Gadus morhua;164712;ACCSPHIST
1988;MAINE;COD, ATLANTIC;3,950,372;1,792;;Recreational;;164712;MRIP
1988;MASSACHUSETTS;COD, ATLANTIC;5,234,303;2,374;;Recreational;;164712;MRIP
1988;MASSACHUSETTS;COD, ATLANTIC;61,238,900;27,778;35,032,227;Commercial;Gadus morhua;164712;ACCSPHIST
1988;NEW HAMPSHIRE;COD, ATLANTIC;2,960,100;1,343;1,630,845;Commercial;Gadus morhua;164712;ACCSPHIST
1988;NEW HAMPSHIRE;COD, ATLANTIC;478,992;217;;Recreational;;164712;MRIP
1988;NEW JERSEY;COD, ATLANTIC;10,505;5;;Recreational;;164712;MRIP
1988;NEW JERSEY;COD, ATLANTIC;14,900;7;8,812;Commercial;Gadus morhua;164712;ACCSPHIST
1988;NEW YORK;COD, ATLANTIC;703,700;319;595,064;Commercial;Gadus morhua;164712;ACCSPHIST
1988;NEW YORK;COD, ATLANTIC;10,592,374;4,805;;Recreational;;164712;MRIP
1988;NORTH CAROLINA;COD, ATLANTIC;7,926;4;;Recreational;;164712;MRIP
1988;OREGON;COD, PACIFIC;2,280,678;1,035;625,480;Commercial;Gadus macrocephalus;164711;PACFINHIST
1988;RHODE ISLAND;COD, ATLANTIC;3,347,473;1,518;;Recreational;;164712;MRIP
1988;RHODE ISLAND;COD, ATLANTIC;3,009,300;1,365;1,577,813;Commercial;Gadus morhua;164712;ACCSPHIST
1988;WASHINGTON;COD, PACIFIC;371,523;169;;Recreational;;164711;MRIP
1988;WASHINGTON;COD, PACIFIC;6,270,290;2,844;1,692,318;Commercial;Gadus macrocephalus;164711;PACFINHIST
1987;ALASKA;COD, PACIFIC;163,562,447;74,191;28,909,134;Commercial;Gadus macrocephalus;164711;AKFINHIST
1987;CALIFORNIA;COD, PACIFIC;144,938;66;47,762;Commercial;Gadus macrocephalus;164711;PACFINHIST
1987;CONNECTICUT;COD, ATLANTIC;288,854;131;;Recreational;;164712;MRIP
1987;CONNECTICUT;COD, ATLANTIC;226,700;103;149,622;Commercial;Gadus morhua;164712;ACCSPHIST
1987;MAINE;COD, ATLANTIC;4,764,050;2,161;;Recreational;;164712;MRIP
1987;MAINE;COD, ATLANTIC;9,934,600;4,506;6,989,180;Commercial;Gadus morhua;164712;ACCSPHIST
1987;MARYLAND;COD, ATLANTIC;300;0;85;Commercial;Gadus morhua;164712;ACCSPHIST
1987;MASSACHUSETTS;COD, ATLANTIC;44,964,200;20,396;34,044,381;Commercial;Gadus morhua;164712;ACCSPHIST
1987;MASSACHUSETTS;COD, ATLANTIC;5,117,731;2,321;;Recreational;;164712;MRIP
1987;NEW HAMPSHIRE;COD, ATLANTIC;529,551;240;;Recreational;;164712;MRIP
1987;NEW HAMPSHIRE;COD, ATLANTIC;1,570,200;712;1,180,831;Commercial;Gadus morhua;164712;ACCSPHIST
1987;NEW JERSEY;COD, ATLANTIC;4,000;2;2,911;Commercial;Gadus morhua;164712;ACCSPHIST
1987;NEW JERSEY;COD, ATLANTIC;2,022,886;918;;Recreational;;164712;MRIP
1987;NEW YORK;COD, ATLANTIC;1,490,368;676;;Recreational;;164712;MRIP
1987;NEW YORK;COD, ATLANTIC;427,800;194;463,130;Commercial;Gadus morhua;164712;ACCSPHIST
1987;OREGON;COD, PACIFIC;1,468,759;666;481,545;Commercial;Gadus macrocephalus;164711;PACFINHIST
1987;RHODE ISLAND;COD, ATLANTIC;2,011,100;912;1,349,854;Commercial;Gadus morhua;164712;ACCSPHIST
1987;RHODE ISLAND;COD, ATLANTIC;1,046,524;475;;Recreational;;164712;MRIP
1987;VIRGINIA;COD, ATLANTIC;100;0;21;Commercial;Gadus morhua;164712;ACCSPHIST
1987;WASHINGTON;COD, PACIFIC;5,174,424;2,347;1,723,179;Commercial;Gadus macrocephalus;164711;PACFINHIST
1987;WASHINGTON;COD, PACIFIC;541,491;246;;Recreational;;164711;MRIP
1986;ALASKA;COD, PACIFIC;87,394,363;39,642;9,136,446;Commercial;Gadus macrocephalus;164711;AKFINHIST
1986;CONNECTICUT;COD, ATLANTIC;27,200;12;14,144;Commercial;Gadus morhua;164712;ACCSPHIST
1986;CONNECTICUT;COD, ATLANTIC;140,150;64;;Recreational;;164712;MRIP
1986;DELAWARE;COD, ATLANTIC;487;0;;Recreational;;164712;MRIP
1986;MAINE;COD, ATLANTIC;1,654,350;750;;Recreational;;164712;MRIP
1986;MAINE;COD, ATLANTIC;10,155,000;4,606;5,526,155;Commercial;Gadus morhua;164712;ACCSPHIST
1986;MASSACHUSETTS;COD, ATLANTIC;46,420,900;21,056;27,931,597;Commercial;Gadus morhua;164712;ACCSPHIST
1986;MASSACHUSETTS;COD, ATLANTIC;6,020,913;2,731;;Recreational;;164712;MRIP
1986;NEW HAMPSHIRE;COD, ATLANTIC;1,202,662;546;;Recreational;;164712;MRIP
1986;NEW HAMPSHIRE;COD, ATLANTIC;1,569,400;712;873,904;Commercial;Gadus morhua;164712;ACCSPHIST
1986;NEW JERSEY;COD, ATLANTIC;14,300;6;10,630;Commercial;Gadus morhua;164712;ACCSPHIST
1986;NEW JERSEY;COD, ATLANTIC;8,400;4;;Recreational;;164712;MRIP
1986;NEW YORK;COD, ATLANTIC;546,811;248;;Recreational;;164712;MRIP
1986;NEW YORK;COD, ATLANTIC;459,300;208;453,478;Commercial;Gadus morhua;164712;ACCSPHIST
1986;OREGON;COD, PACIFIC;67,789;31;18,393;Commercial;Gadus macrocephalus;164711;PACFINHIST
1986;RHODE ISLAND;COD, ATLANTIC;2,284,500;1,036;1,217,746;Commercial;Gadus morhua;164712;ACCSPHIST
1986;RHODE ISLAND;COD, ATLANTIC;635,137;288;;Recreational;;164712;MRIP
1986;VIRGINIA;COD, ATLANTIC;300;0;73;Commercial;Gadus morhua;164712;ACCSPHIST
1986;WASHINGTON;COD, PACIFIC;10,844,032;4,919;2,482,686;Commercial;Gadus macrocephalus;164711;PACFINHIST
1986;WASHINGTON;COD, PACIFIC;256,870;117;;Recreational;;164711;MRIP
1985;ALASKA;COD, PACIFIC;94,352,930;42,798;12,350,992;Commercial;Gadus macrocephalus;164711;AKFINHIST
1985;CALIFORNIA;COD, PACIFIC;1,616;1;703;Commercial;Gadus macrocephalus;164711;PACFINHIST
1985;CONNECTICUT;COD, ATLANTIC;21,682;10;;Recreational;;164712;MRIP
1985;CONNECTICUT;COD, ATLANTIC;54,000;24;18,900;Commercial;Gadus morhua;164712;ACCSPHIST
1985;DELAWARE;COD, ATLANTIC;73,039;33;;Recreational;;164712;MRIP
1985;MAINE;COD, ATLANTIC;10,353,200;4,696;4,095,188;Commercial;Gadus morhua;164712;ACCSPHIST
1985;MAINE;COD, ATLANTIC;1,496,199;679;;Recreational;;164712;MRIP
1985;MASSACHUSETTS;COD, ATLANTIC;9,092,993;4,125;;Recreational;;164712;MRIP
1985;MASSACHUSETTS;COD, ATLANTIC;65,049,400;29,506;27,891,076;Commercial;Gadus morhua;164712;ACCSPHIST
1985;NEW HAMPSHIRE;COD, ATLANTIC;307,373;139;;Recreational;;164712;MRIP
1985;NEW HAMPSHIRE;COD, ATLANTIC;1,656,700;751;706,400;Commercial;Gadus morhua;164712;ACCSPHIST
1985;NEW JERSEY;COD, ATLANTIC;21,700;10;6,254;Commercial;Gadus morhua;164712;ACCSPHIST
1985;NEW YORK;COD, ATLANTIC;243,933;111;;Recreational;;164712;MRIP
1985;NEW YORK;COD, ATLANTIC;546,200;248;390,212;Commercial;Gadus morhua;164712;ACCSPHIST
1985;OREGON;COD, PACIFIC;85,401;39;21,727;Commercial;Gadus macrocephalus;164711;PACFINHIST
1985;RHODE ISLAND;COD, ATLANTIC;2,718,115;1,233;;Recreational;;164712;MRIP
1985;RHODE ISLAND;COD, ATLANTIC;4,841,200;2,196;1,905,319;Commercial;Gadus morhua;164712;ACCSPHIST
1985;VIRGINIA;COD, ATLANTIC;100;0;12;Commercial;Gadus morhua;164712;ACCSPHIST
1985;WASHINGTON;COD, PACIFIC;15,979,539;7,248;3,802,014;Commercial;Gadus macrocephalus;164711;PACFINHIST
1985;WASHINGTON;COD, PACIFIC;206,878;94;;Recreational;;164711;MRIP
1984;ALASKA;COD, PACIFIC;60,948,762;27,646;10,167,127;Commercial;Gadus macrocephalus;164711;AKFINHIST
1984;CALIFORNIA;COD, PACIFIC;4,327;2;1,003;Commercial;Gadus macrocephalus;164711;PACFINHIST
1984;CONNECTICUT;COD, ATLANTIC;17,372;8;;Recreational;;164712;MRIP
1984;CONNECTICUT;COD, ATLANTIC;105,300;48;36,855;Commercial;Gadus morhua;164712;ACCSPHIST
1984;MAINE;COD, ATLANTIC;2,280,805;1,035;;Recreational;;164712;MRIP
1984;MAINE;COD, ATLANTIC;11,793,700;5,35;3,943,240;Commercial;Gadus morhua;164712;ACCSPHIST
1984;MARYLAND;COD, ATLANTIC;1,800;1;362;Commercial;Gadus morhua;164712;ACCSPHIST
1984;MASSACHUSETTS;COD, ATLANTIC;75,542,700;34,266;28,659,076;Commercial;Gadus morhua;164712;ACCSPHIST
1984;MASSACHUSETTS;COD, ATLANTIC;3,522,203;1,598;;Recreational;;164712;MRIP
1984;NEW HAMPSHIRE;COD, ATLANTIC;2,518,200;1,142;879,909;Commercial;Gadus morhua;164712;ACCSPHIST
1984;NEW HAMPSHIRE;COD, ATLANTIC;623,386;283;;Recreational;;164712;MRIP
1984;NEW JERSEY;COD, ATLANTIC;12,700;6;3,479;Commercial;Gadus morhua;164712;ACCSPHIST
1984;NEW YORK;COD, ATLANTIC;918,436;417;;Recreational;;164712;MRIP
1984;NEW YORK;COD, ATLANTIC;898,900;408;560,583;Commercial;Gadus morhua;164712;ACCSPHIST
1984;NORTH CAROLINA;COD, ATLANTIC;5,905;3;1,180;Commercial;Gadus morhua;164712;ACCSPHIST
1984;OREGON;COD, PACIFIC;175,782;80;45,194;Commercial;Gadus macrocephalus;164711;PACFINHIST
1984;RHODE ISLAND;COD, ATLANTIC;3,726,450;1,69;;Recreational;;164712;MRIP
1984;RHODE ISLAND;COD, ATLANTIC;5,806,200;2,634;2,053,065;Commercial;Gadus morhua;164712;ACCSPHIST
1984;VIRGINIA;COD, ATLANTIC;400;0;167;Commercial;Gadus morhua;164712;ACCSPHIST
1984;WASHINGTON;COD, PACIFIC;35,083,380;15,914;8,613,058;Commercial;Gadus macrocephalus;164711;PACFINHIST
1984;WASHINGTON;COD, PACIFIC;436,297;198;;Recreational;;164711;MRIP
1983;ALASKA;COD, PACIFIC;81,219,931;36,841;10,558,591;Commercial;Gadus macrocephalus;164711;AKFINHIST
1983;CONNECTICUT;COD, ATLANTIC;115,200;52;39,168;Commercial;Gadus morhua;164712;ACCSPHIST
1983;DELAWARE;COD, ATLANTIC;38,892;18;;Recreational;;164712;MRIP
1983;MAINE;COD, ATLANTIC;1,551,434;704;;Recreational;;164712;MRIP
1983;MAINE;COD, ATLANTIC;12,083,500;5,481;3,736,117;Commercial;Gadus morhua;164712;ACCSPHIST
1983;MARYLAND;COD, ATLANTIC;100;0;17;Commercial;Gadus morhua;164712;ACCSPHIST
1983;MASSACHUSETTS;COD, ATLANTIC;92,492,100;41,954;31,752,025;Commercial;Gadus morhua;164712;ACCSPHIST
1983;MASSACHUSETTS;COD, ATLANTIC;5,759,420;2,612;;Recreational;;164712;MRIP
1983;MASSACHUSETTS;COD, TOOTHED;1,872;1;;Recreational;;164703;MRIP
1983;NEW HAMPSHIRE;COD, ATLANTIC;320,925;146;;Recreational;;164712;MRIP
1983;NEW HAMPSHIRE;COD, ATLANTIC;2,012,700;913;680,839;Commercial;Gadus morhua;164712;ACCSPHIST
1983;NEW JERSEY;COD, ATLANTIC;39,400;18;15,566;Commercial;Gadus morhua;164712;ACCSPHIST
1983;NEW YORK;COD, ATLANTIC;681,900;309;375,778;Commercial;Gadus morhua;164712;ACCSPHIST
1983;NEW YORK;COD, ATLANTIC;852,713;387;;Recreational;;164712;MRIP
1983;OREGON;COD, PACIFIC;196,644;89;48,792;Commercial;Gadus macrocephalus;164711;PACFINHIST
1983;RHODE ISLAND;COD, ATLANTIC;3,165,395;1,436;;Recreational;;164712;MRIP
1983;RHODE ISLAND;COD, ATLANTIC;4,764,200;2,161;1,591,373;Commercial;Gadus morhua;164712;ACCSPHIST
1983;WASHINGTON;COD, PACIFIC;23,383,424;10,607;5,344,556;Commercial;Gadus macrocephalus;164711;PACFINHIST
1983;WASHINGTON;COD, PACIFIC;407,280;185;;Recreational;;164711;MRIP
1982;ALASKA;COD, PACIFIC;38,645,716;17,53;5,023,943;Commercial;Gadus macrocephalus;164711;AKFINHIST
1982;CALIFORNIA;COD, PACIFIC;258;0;;Recreational;;164711;MRIP
1982;CALIFORNIA;COD, PACIFIC;222;0;94;Commercial;Gadus macrocephalus;164711;PACFINHIST
1982;CONNECTICUT;COD, ATLANTIC;515,500;234;180,442;Commercial;Gadus morhua;164712;ACCSPHIST
1982;MAINE;COD, ATLANTIC;12,251,800;5,557;3,658,102;Commercial;Gadus morhua;164712;ACCSPHIST
1982;MAINE;COD, ATLANTIC;1,058,312;480;;Recreational;;164712;MRIP
1982;MAINE;COD, TOOTHED;377;0;;Recreational;;164703;MRIP
1982;MASSACHUSETTS;COD, ATLANTIC;3,083,200;1,399;;Recreational;;164712;MRIP
1982;MASSACHUSETTS;COD, ATLANTIC;98,510,000;44,684;33,210,540;Commercial;Gadus morhua;164712;ACCSPHIST
1982;NEW HAMPSHIRE;COD, ATLANTIC;1,451,254;658;;Recreational;;164712;MRIP
1982;NEW HAMPSHIRE;COD, ATLANTIC;1,308,200;593;407,287;Commercial;Gadus morhua;164712;ACCSPHIST
1982;NEW JERSEY;COD, ATLANTIC;63,400;29;19,503;Commercial;Gadus morhua;164712;ACCSPHIST
1982;NEW YORK;COD, ATLANTIC;7,092,231;3,217;;Recreational;;164712;MRIP
1982;NEW YORK;COD, ATLANTIC;433,700;197;299,227;Commercial;Gadus morhua;164712;ACCSPHIST
1982;OREGON;COD, PACIFIC;260,319;118;62,394;Commercial;Gadus macrocephalus;164711;PACFINHIST
1982;RHODE ISLAND;COD, ATLANTIC;3,266,614;1,482;;Recreational;;164712;MRIP
1982;RHODE ISLAND;COD, ATLANTIC;3,810,100;1,728;1,337,381;Commercial;Gadus morhua;164712;ACCSPHIST
1982;VIRGINIA;COD, ATLANTIC;13,900;6;3,545;Commercial;Gadus morhua;164712;ACCSPHIST
1982;WASHINGTON;COD, PACIFIC;303,762;138;;Recreational;;164711;MRIP
1982;WASHINGTON;COD, PACIFIC;24,761,644;11,232;5,551,188;Commercial;Gadus macrocephalus;164711;PACFINHIST
1981;ALASKA;COD, PACIFIC;16,771,447;7,607;2,180,288;Commercial;Gadus macrocephalus;164711;AKFINHIST
1981;CONNECTICUT;COD, ATLANTIC;504,800;229;176,689;Commercial;Gadus morhua;164712;ACCSPHIST
1981;CONNECTICUT;COD, ATLANTIC;3,960;2;;Recreational;;164712;MRIP
1981;MAINE;COD, ATLANTIC;2,689,829;1,22;;Recreational;;164712;MRIP
1981;MAINE;COD, ATLANTIC;10,147,200;4,603;3,169,405;Commercial;Gadus morhua;164712;ACCSPHIST
1981;MARYLAND;COD, ATLANTIC;100;0;26;Commercial;Gadus morhua;164712;ACCSPHIST
1981;MASSACHUSETTS;COD, ATLANTIC;86,597,600;39,28;29,566,063;Commercial;Gadus morhua;164712;ACCSPHIST
1981;MASSACHUSETTS;COD, ATLANTIC;9,197,360;4,172;;Recreational;;164712;MRIP
1981;NEW HAMPSHIRE;COD, ATLANTIC;293,378;133;;Recreational;;164712;MRIP
1981;NEW HAMPSHIRE;COD, ATLANTIC;1,771,400;804;600,367;Commercial;Gadus morhua;164712;ACCSPHIST
1981;NEW JERSEY;COD, ATLANTIC;25,600;12;10,379;Commercial;Gadus morhua;164712;ACCSPHIST
1981;NEW YORK;COD, ATLANTIC;1,962,532;890;;Recreational;;164712;MRIP
1981;NEW YORK;COD, ATLANTIC;428,400;194;267,943;Commercial;Gadus morhua;164712;ACCSPHIST
1981;OREGON;COD, PACIFIC;116,947;53;24,858;Commercial;Gadus macrocephalus;164711;PACFINHIST
1981;RHODE ISLAND;COD, ATLANTIC;1,993,915;904;;Recreational;;164712;MRIP
1981;RHODE ISLAND;COD, ATLANTIC;3,009,700;1,365;1,064,889;Commercial;Gadus morhua;164712;ACCSPHIST
1981;VIRGINIA;COD, ATLANTIC;1,400;1;359;Commercial;Gadus morhua;164712;ACCSPHIST
1981;WASHINGTON;COD, PACIFIC;22,051,403;10,002;4,455,029;Commercial;Gadus macrocephalus;164711;PACFINHIST
1981;WASHINGTON;COD, PACIFIC;763,935;347;;Recreational;;164711;MRIP
1980;ALASKA;COD, PACIFIC;12,805,035;5,808;2,605,288;Commercial;Gadus macrocephalus;164711;AKFINHIST
1980;CALIFORNIA;COD, PACIFIC;20;0;8;Commercial;Gadus macrocephalus;164711;PACFINHIST
1980;CONNECTICUT;COD, ATLANTIC;35,500;16;9,194;Commercial;Gadus morhua;164712;ACCSPHIST
1980;MAINE;COD, ATLANTIC;11,402,300;5,172;2,639,766;Commercial;Gadus morhua;164712;ACCSPHIST
1980;MARYLAND;COD, ATLANTIC;100;0;21;Commercial;Gadus morhua;164712;ACCSPHIST
1980;MASSACHUSETTS;COD, ATLANTIC;99,364,700;45,072;27,184,431;Commercial;Gadus morhua;164712;ACCSPHIST
1980;NEW HAMPSHIRE;COD, ATLANTIC;2,376,300;1,078;546,072;Commercial;Gadus morhua;164712;ACCSPHIST
1980;NEW JERSEY;COD, ATLANTIC;15,100;7;8,212;Commercial;Gadus morhua;164712;ACCSPHIST
1980;NEW YORK;COD, ATLANTIC;488,100;221;256,845;Commercial;Gadus morhua;164712;ACCSPHIST
1980;OREGON;COD, PACIFIC;356,522;162;71,430;Commercial;Gadus macrocephalus;164711;PACFINHIST
1980;RHODE ISLAND;COD, ATLANTIC;4,089,200;1,855;1,145,219;Commercial;Gadus morhua;164712;ACCSPHIST
1980;VIRGINIA;COD, ATLANTIC;3,300;1;619;Commercial;Gadus morhua;164712;ACCSPHIST
1980;WASHINGTON;COD, ARCTIC;;;;Recreational;;164706;MRIP
1980;WASHINGTON;COD, PACIFIC;489,153;222;;Recreational;;164711;MRIP
1980;WASHINGTON;COD, PACIFIC;12,754,843;5,786;2,394,208;Commercial;Gadus macrocephalus;164711;PACFINHIST
1979;ALASKA;COD, PACIFIC;3,468,037;1,573;963,801;Commercial;Gadus macrocephalus;164711;AKFINHIST
1979;CONNECTICUT;COD, ATLANTIC;19,200;9;6,418;Commercial;Gadus morhua;164712;ACCSPHIST
1979;MAINE;COD, ATLANTIC;10,365,100;4,702;2,598,386;Commercial;Gadus morhua;164712;ACCSPHIST
1979;MARYLAND;COD, ATLANTIC;4,500;2;628;Commercial;Gadus morhua;164712;ACCSPHIST
1979;MASSACHUSETTS;COD, ATLANTIC;82,014,500;37,202;24,175,096;Commercial;Gadus morhua;164712;ACCSPHIST
1979;NEW HAMPSHIRE;COD, ATLANTIC;2,197,500;997;558,463;Commercial;Gadus morhua;164712;ACCSPHIST
1979;NEW JERSEY;COD, ATLANTIC;63,600;29;29,600;Commercial;Gadus morhua;164712;ACCSPHIST
1979;NEW YORK;COD, ATLANTIC;480,500;218;244,267;Commercial;Gadus morhua;164712;ACCSPHIST
1979;NORTH CAROLINA;COD, ATLANTIC;180;0;72;Commercial;Gadus morhua;164712;ACCSPHIST
1979;OREGON;COD, PACIFIC;931,704;423;186,846;Commercial;Gadus macrocephalus;164711;PACFINHIST
1979;RHODE ISLAND;COD, ATLANTIC;4,107,800;1,863;1,278,573;Commercial;Gadus morhua;164712;ACCSPHIST
1979;VIRGINIA;COD, ATLANTIC;400;0;69;Commercial;Gadus morhua;164712;ACCSPHIST
1979;WASHINGTON;COD, PACIFIC;7,578,354;3,438;1,591,410;Commercial;Gadus macrocephalus;164711;PACFINHIST
1978;ALASKA;COD, PACIFIC;1,807,691;820;555,174;Commercial;Gadus macrocephalus;164711;AKFINHIST
1978;CONNECTICUT;COD, ATLANTIC;55,200;25;14,558;Commercial;Gadus morhua;164712;ACCSPHIST
1978;MAINE;COD, ATLANTIC;10,806,300;4,902;2,262,153;Commercial;Gadus morhua;164712;ACCSPHIST
1978;MARYLAND;COD, ATLANTIC;200;0;51;Commercial;Gadus morhua;164712;ACCSPHIST
1978;MASSACHUSETTS;COD, ATLANTIC;69,251,300;31,412;17,578,358;Commercial;Gadus morhua;164712;ACCSPHIST
1978;NEW HAMPSHIRE;COD, ATLANTIC;1,991,100;903;416,784;Commercial;Gadus morhua;164712;ACCSPHIST
1978;NEW JERSEY;COD, ATLANTIC;31,100;14;11,359;Commercial;Gadus morhua;164712;ACCSPHIST
1978;NEW YORK;COD, ATLANTIC;460,800;209;195,769;Commercial;Gadus morhua;164712;ACCSPHIST
1978;OREGON;COD, PACIFIC;931,676;423;186,579;Commercial;Gadus macrocephalus;164711;PACFINHIST
1978;RHODE ISLAND;COD, ATLANTIC;4,678,000;2,122;1,142,065;Commercial;Gadus morhua;164712;ACCSPHIST
1978;VIRGINIA;COD, ATLANTIC;200;0;29;Commercial;Gadus morhua;164712;ACCSPHIST
1978;WASHINGTON;COD, PACIFIC;8,530,317;3,869;1,649,636;Commercial;Gadus macrocephalus;164711;PACFINHIST
1977;ALASKA;COD, PACIFIC;625,300;284;120,425;Commercial;Gadus macrocephalus;164711;AKFINHIST
1977;CALIFORNIA;COD, PACIFIC;68;0;14;Commercial;Gadus macrocephalus;164711;PACFINHIST
1977;CONNECTICUT;COD, ATLANTIC;49,400;22;12,567;Commercial;Gadus morhua;164712;ACCSPHIST
1977;MAINE;COD, ATLANTIC;9,126,100;4,14;1,974,989;Commercial;Gadus morhua;164712;ACCSPHIST
1977;MARYLAND;COD, ATLANTIC;400;0;150;Commercial;Gadus morhua;164712;ACCSPHIST
1977;MASSACHUSETTS;COD, ATLANTIC;62,713,200;28,447;14,153,565;Commercial;Gadus morhua;164712;ACCSPHIST
1977;NEW HAMPSHIRE;COD, ATLANTIC;950,900;431;234,427;Commercial;Gadus morhua;164712;ACCSPHIST
1977;NEW JERSEY;COD, ATLANTIC;46,600;21;18,637;Commercial;Gadus morhua;164712;ACCSPHIST
1977;NEW YORK;COD, ATLANTIC;582,700;264;224,192;Commercial;Gadus morhua;164712;ACCSPHIST
1977;OREGON;COD, PACIFIC;869,000;394;153,823;Commercial;Gadus macrocephalus;164711;PACFINHIST
1977;RHODE ISLAND;COD, ATLANTIC;3,430,400;1,556;721,684;Commercial;Gadus morhua;164712;ACCSPHIST
1977;VIRGINIA;COD, ATLANTIC;800;0;347;Commercial;Gadus morhua;164712;ACCSPHIST
1977;WASHINGTON;COD, PACIFIC;9,211,800;4,178;1,430,568;Commercial;Gadus macrocephalus;164711;PACFINHIST
1976;ALASKA;COD, PACIFIC;494,000;224;116,921;Commercial;Gadus macrocephalus;164711;AKFINHIST
1976;CONNECTICUT;COD, ATLANTIC;24,900;11;7,864;Commercial;Gadus morhua;164712;ACCSPHIST
1976;MAINE;COD, ATLANTIC;6,366,900;2,888;1,429,263;Commercial;Gadus morhua;164712;ACCSPHIST
1976;MARYLAND;COD, ATLANTIC;8,500;4;2,874;Commercial;Gadus morhua;164712;ACCSPHIST
1976;MASSACHUSETTS;COD, ATLANTIC;46,765,700;21,213;12,354,864;Commercial;Gadus morhua;164712;ACCSPHIST
1976;NEW HAMPSHIRE;COD, ATLANTIC;735,100;333;204,418;Commercial;Gadus morhua;164712;ACCSPHIST
1976;NEW JERSEY;COD, ATLANTIC;90,500;41;38,214;Commercial;Gadus morhua;164712;ACCSPHIST
1976;NEW YORK;COD, ATLANTIC;686,000;311;199,937;Commercial;Gadus morhua;164712;ACCSPHIST
1976;OREGON;COD, PACIFIC;630,700;286;84,567;Commercial;Gadus macrocephalus;164711;PACFINHIST
1976;RHODE ISLAND;COD, ATLANTIC;1,352,500;613;388,335;Commercial;Gadus morhua;164712;ACCSPHIST
1976;WASHINGTON;COD, PACIFIC;11,815,600;5,36;1,519,357;Commercial;Gadus macrocephalus;164711;PACFINHIST
1975;ALASKA;COD, PACIFIC;327,400;149;33,046;Commercial;Gadus macrocephalus;164711;AKFINHIST
1975;CONNECTICUT;COD, ATLANTIC;35,500;16;12,164;Commercial;Gadus morhua;164712;ACCSPHIST
1975;MAINE;COD, ATLANTIC;5,595,100;2,538;910,725;Commercial;Gadus morhua;164712;ACCSPHIST
1975;MARYLAND;COD, ATLANTIC;15,300;7;4,611;Commercial;Gadus morhua;164712;ACCSPHIST
1975;MASSACHUSETTS;COD, ATLANTIC;47,184,600;21,403;11,427,347;Commercial;Gadus morhua;164712;ACCSPHIST
1975;NEW HAMPSHIRE;COD, ATLANTIC;670,900;304;143,554;Commercial;Gadus morhua;164712;ACCSPHIST
1975;NEW JERSEY;COD, ATLANTIC;309,100;140;99,957;Commercial;Gadus morhua;164712;ACCSPHIST
1975;NEW YORK;COD, ATLANTIC;430,600;195;140,534;Commercial;Gadus morhua;164712;ACCSPHIST
1975;OREGON;COD, PACIFIC;612,200;278;67,360;Commercial;Gadus macrocephalus;164711;PACFINHIST
1975;RHODE ISLAND;COD, ATLANTIC;1,892,300;858;475,256;Commercial;Gadus morhua;164712;ACCSPHIST
1975;VIRGINIA;COD, ATLANTIC;300;0;54;Commercial;Gadus morhua;164712;ACCSPHIST
1975;WASHINGTON;COD, PACIFIC;11,298,100;5,125;1,288,344;Commercial;Gadus macrocephalus;164711;PACFINHIST
1974;ALASKA;COD, PACIFIC;423,200;192;83,658;Commercial;Gadus macrocephalus;164711;AKFINHIST
1974;CONNECTICUT;COD, ATLANTIC;21,700;10;5,215;Commercial;Gadus morhua;164712;ACCSPHIST
1974;MAINE;COD, ATLANTIC;4,003,600;1,816;541,414;Commercial;Gadus morhua;164712;ACCSPHIST
1974;MARYLAND;COD, ATLANTIC;6,400;3;1,430;Commercial;Gadus morhua;164712;ACCSPHIST
1974;MASSACHUSETTS;COD, ATLANTIC;49,975,800;22,669;9,790,305;Commercial;Gadus morhua;164712;ACCSPHIST
1974;NEW HAMPSHIRE;COD, ATLANTIC;602,600;273;85,966;Commercial;Gadus morhua;164712;ACCSPHIST
1974;NEW JERSEY;COD, ATLANTIC;337,000;153;82,118;Commercial;Gadus morhua;164712;ACCSPHIST
1974;NEW YORK;COD, ATLANTIC;461,900;210;145,422;Commercial;Gadus morhua;164712;ACCSPHIST
1974;OREGON;COD, PACIFIC;700,600;318;159,305;Commercial;Gadus macrocephalus;164711;PACFINHIST
1974;RHODE ISLAND;COD, ATLANTIC;3,245,700;1,472;654,578;Commercial;Gadus morhua;164712;ACCSPHIST
1974;VIRGINIA;COD, ATLANTIC;100;0;15;Commercial;Gadus morhua;164712;ACCSPHIST
1974;WASHINGTON;COD, PACIFIC;8,889,700;4,032;1,016,031;Commercial;Gadus macrocephalus;164711;PACFINHIST
1973;ALASKA;COD, PACIFIC;158,600;72;36,500;Commercial;Gadus macrocephalus;164711;AKFINHIST
1973;CONNECTICUT;COD, ATLANTIC;106,500;48;17,855;Commercial;Gadus morhua;164712;ACCSPHIST
1973;MAINE;COD, ATLANTIC;4,035,300;1,83;497,687;Commercial;Gadus morhua;164712;ACCSPHIST
1973;MARYLAND;COD, ATLANTIC;1,700;1;366;Commercial;Gadus morhua;164712;ACCSPHIST
1973;MASSACHUSETTS;COD, ATLANTIC;42,411,400;19,238;7,846,705;Commercial;Gadus morhua;164712;ACCSPHIST
1973;NEW HAMPSHIRE;COD, ATLANTIC;471,500;214;84,860;Commercial;Gadus morhua;164712;ACCSPHIST
1973;NEW JERSEY;COD, ATLANTIC;85,000;39;26,468;Commercial;Gadus morhua;164712;ACCSPHIST
1973;NEW YORK;COD, ATLANTIC;332,400;151;80,120;Commercial;Gadus morhua;164712;ACCSPHIST
1973;OREGON;COD, PACIFIC;513,900;233;45,009;Commercial;Gadus macrocephalus;164711;PACFINHIST
1973;RHODE ISLAND;COD, ATLANTIC;2,975,900;1,35;491,329;Commercial;Gadus morhua;164712;ACCSPHIST
1973;VIRGINIA;COD, ATLANTIC;300;0;32;Commercial;Gadus morhua;164712;ACCSPHIST
1973;WASHINGTON;COD, PACIFIC;7,746,500;3,514;702,955;Commercial;Gadus macrocephalus;164711;PACFINHIST
1972;ALASKA;COD, PACIFIC;97,800;44;17,233;Commercial;Gadus macrocephalus;164711;AKFINHIST
1972;CONNECTICUT;COD, ATLANTIC;35,400;16;6,624;Commercial;Gadus morhua;164712;ACCSPHIST
1972;MAINE;COD, ATLANTIC;4,432,200;2,01;436,649;Commercial;Gadus morhua;164712;ACCSPHIST
1972;MARYLAND;COD, ATLANTIC;5,700;3;955;Commercial;Gadus morhua;164712;ACCSPHIST
1972;MASSACHUSETTS;COD, ATLANTIC;39,226,500;17,793;6,947,257;Commercial;Gadus morhua;164712;ACCSPHIST
1972;NEW HAMPSHIRE;COD, ATLANTIC;254,000;115;40,260;Commercial;Gadus morhua;164712;ACCSPHIST
1972;NEW JERSEY;COD, ATLANTIC;42,600;19;12,395;Commercial;Gadus morhua;164712;ACCSPHIST
1972;NEW YORK;COD, ATLANTIC;234,900;107;36,014;Commercial;Gadus morhua;164712;ACCSPHIST
1972;OREGON;COD, PACIFIC;1,084,900;492;95,251;Commercial;Gadus macrocephalus;164711;PACFINHIST
1972;RHODE ISLAND;COD, ATLANTIC;2,395,600;1,087;460,782;Commercial;Gadus morhua;164712;ACCSPHIST
1972;VIRGINIA;COD, ATLANTIC;100;0;26;Commercial;Gadus morhua;164712;ACCSPHIST
1972;WASHINGTON;COD, PACIFIC;9,339,000;4,236;682,767;Commercial;Gadus macrocephalus;164711;PACFINHIST
1971;CONNECTICUT;COD, ATLANTIC;180,000;82;22,994;Commercial;Gadus morhua;164712;ACCSPHIST
1971;DELAWARE;COD, ATLANTIC;10,000;5;1,800;Commercial;Gadus morhua;164712;ACCSPHIST
1971;MAINE;COD, ATLANTIC;4,379,400;1,986;335,212;Commercial;Gadus morhua;164712;ACCSPHIST
1971;MARYLAND;COD, ATLANTIC;3,900;2;608;Commercial;Gadus morhua;164712;ACCSPHIST
1971;MASSACHUSETTS;COD, ATLANTIC;46,554,300;21,117;5,728,633;Commercial;Gadus morhua;164712;ACCSPHIST
1971;NEW HAMPSHIRE;COD, ATLANTIC;200,500;91;29,770;Commercial;Gadus morhua;164712;ACCSPHIST
1971;NEW JERSEY;COD, ATLANTIC;137,900;63;30,692;Commercial;Gadus morhua;164712;ACCSPHIST
1971;NEW YORK;COD, ATLANTIC;426,600;194;70,814;Commercial;Gadus morhua;164712;ACCSPHIST
1971;OREGON;COD, PACIFIC;483,100;219;32,607;Commercial;Gadus macrocephalus;164711;PACFINHIST
1971;RHODE ISLAND;COD, ATLANTIC;2,309,300;1,047;295,571;Commercial;Gadus morhua;164712;ACCSPHIST
1971;VIRGINIA;COD, ATLANTIC;1,200;1;142;Commercial;Gadus morhua;164712;ACCSPHIST
1971;WASHINGTON;COD, PACIFIC;5,608,900;2,544;381,951;Commercial;Gadus macrocephalus;164711;PACFINHIST
1970;ALASKA;COD, PACIFIC;203,200;92;19,632;Commercial;Gadus macrocephalus;164711;AKFINHIST
1970;CONNECTICUT;COD, ATLANTIC;243,000;110;26,623;Commercial;Gadus morhua;164712;ACCSPHIST
1970;DELAWARE;COD, ATLANTIC;700;0;98;Commercial;Gadus morhua;164712;ACCSPHIST
1970;MAINE;COD, ATLANTIC;5,426,600;2,461;356,915;Commercial;Gadus morhua;164712;ACCSPHIST
1970;MARYLAND;COD, ATLANTIC;6,400;3;640;Commercial;Gadus morhua;164712;ACCSPHIST
1970;MASSACHUSETTS;COD, ATLANTIC;43,761,100;19,85;4,911,529;Commercial;Gadus morhua;164712;ACCSPHIST
1970;NEW HAMPSHIRE;COD, ATLANTIC;189,000;86;21,705;Commercial;Gadus morhua;164712;ACCSPHIST
1970;NEW JERSEY;COD, ATLANTIC;188,500;86;35,952;Commercial;Gadus morhua;164712;ACCSPHIST
1970;NEW YORK;COD, ATLANTIC;378,400;172;56,035;Commercial;Gadus morhua;164712;ACCSPHIST
1970;OREGON;COD, PACIFIC;76,400;35;4,952;Commercial;Gadus macrocephalus;164711;PACFINHIST
1970;RHODE ISLAND;COD, ATLANTIC;3,031,300;1,375;330,769;Commercial;Gadus morhua;164712;ACCSPHIST
1970;VIRGINIA;COD, ATLANTIC;1,100;0;116;Commercial;Gadus morhua;164712;ACCSPHIST
1970;WASHINGTON;COD, PACIFIC;2,705,200;1,227;174,529;Commercial;Gadus macrocephalus;164711;PACFINHIST
1969;ALASKA;COD, PACIFIC;48,500;22;5,816;Commercial;Gadus macrocephalus;164711;AKFINHIST
1969;CONNECTICUT;COD, ATLANTIC;427,500;194;33,938;Commercial;Gadus morhua;164712;ACCSPHIST
1969;DELAWARE;COD, ATLANTIC;2,000;1;200;Commercial;Gadus morhua;164712;ACCSPHIST
1969;MAINE;COD, ATLANTIC;4,616,700;2,094;237,851;Commercial;Gadus morhua;164712;ACCSPHIST
1969;MARYLAND;COD, ATLANTIC;12,700;6;1,242;Commercial;Gadus morhua;164712;ACCSPHIST
1969;MASSACHUSETTS;COD, ATLANTIC;49,220,000;22,326;4,257,724;Commercial;Gadus morhua;164712;ACCSPHIST
1969;NEW HAMPSHIRE;COD, ATLANTIC;155,000;70;16,030;Commercial;Gadus morhua;164712;ACCSPHIST
1969;NEW JERSEY;COD, ATLANTIC;123,800;56;17,665;Commercial;Gadus morhua;164712;ACCSPHIST
1969;NEW YORK;COD, ATLANTIC;449,000;204;61,785;Commercial;Gadus morhua;164712;ACCSPHIST
1969;OREGON;COD, PACIFIC;49,900;23;2,693;Commercial;Gadus macrocephalus;164711;PACFINHIST
1969;RHODE ISLAND;COD, ATLANTIC;2,471,600;1,121;208,814;Commercial;Gadus morhua;164712;ACCSPHIST
1969;VIRGINIA;COD, ATLANTIC;23,300;11;1,660;Commercial;Gadus morhua;164712;ACCSPHIST
1969;WASHINGTON;COD, PACIFIC;3,800,900;1,724;226,504;Commercial;Gadus macrocephalus;164711;PACFINHIST
1968;CONNECTICUT;COD, ATLANTIC;366,900;166;24,412;Commercial;Gadus morhua;164712;ACCSPHIST
1968;DELAWARE;COD, ATLANTIC;32,900;15;3,295;Commercial;Gadus morhua;164712;ACCSPHIST
1968;MAINE;COD, ATLANTIC;5,036,800;2,285;235,179;Commercial;Gadus morhua;164712;ACCSPHIST
1968;MARYLAND;COD, ATLANTIC;47,000;21;4,171;Commercial;Gadus morhua;164712;ACCSPHIST
1968;MASSACHUSETTS;COD, ATLANTIC;41,156,800;18,669;2,976,813;Commercial;Gadus morhua;164712;ACCSPHIST
1968;NEW HAMPSHIRE;COD, ATLANTIC;109,000;49;9,910;Commercial;Gadus morhua;164712;ACCSPHIST
1968;NEW JERSEY;COD, ATLANTIC;171,900;78;25,302;Commercial;Gadus morhua;164712;ACCSPHIST
1968;NEW YORK;COD, ATLANTIC;364,100;165;46,131;Commercial;Gadus morhua;164712;ACCSPHIST
1968;OREGON;COD, PACIFIC;382,900;174;19,904;Commercial;Gadus macrocephalus;164711;PACFINHIST
1968;RHODE ISLAND;COD, ATLANTIC;1,928,100;875;137,906;Commercial;Gadus morhua;164712;ACCSPHIST
1968;VIRGINIA;COD, ATLANTIC;2,700;1;346;Commercial;Gadus morhua;164712;ACCSPHIST
1968;WASHINGTON;COD, PACIFIC;5,538,800;2,512;321,046;Commercial;Gadus macrocephalus;164711;PACFINHIST
1967;CONNECTICUT;COD, ATLANTIC;306,700;139;26,223;Commercial;Gadus morhua;164712;ACCSPHIST
1967;MAINE;COD, ATLANTIC;3,495,500;1,586;187,594;Commercial;Gadus morhua;164712;ACCSPHIST
1967;MARYLAND;COD, ATLANTIC;21,000;10;1,983;Commercial;Gadus morhua;164712;ACCSPHIST
1967;MASSACHUSETTS;COD, ATLANTIC;38,674,200;17,543;3,186,070;Commercial;Gadus morhua;164712;ACCSPHIST
1967;NEW HAMPSHIRE;COD, ATLANTIC;70,000;32;6,300;Commercial;Gadus morhua;164712;ACCSPHIST
1967;NEW JERSEY;COD, ATLANTIC;51,600;23;6,755;Commercial;Gadus morhua;164712;ACCSPHIST
1967;NEW YORK;COD, ATLANTIC;457,300;207;62,632;Commercial;Gadus morhua;164712;ACCSPHIST
1967;OREGON;COD, PACIFIC;453,300;206;22,153;Commercial;Gadus macrocephalus;164711;PACFINHIST
1967;RHODE ISLAND;COD, ATLANTIC;1,322,900;600;99,868;Commercial;Gadus morhua;164712;ACCSPHIST
1967;VIRGINIA;COD, ATLANTIC;300;0;37;Commercial;Gadus morhua;164712;ACCSPHIST
1967;WASHINGTON;COD, PACIFIC;8,702,000;3,947;460,300;Commercial;Gadus macrocephalus;164711;PACFINHIST
1966;CONNECTICUT;COD, ATLANTIC;170,100;77;13,710;Commercial;Gadus morhua;164712;ACCSPHIST
1966;DELAWARE;COD, ATLANTIC;15,100;7;2,877;Commercial;Gadus morhua;164712;ACCSPHIST
1966;MAINE;COD, ATLANTIC;2,802,400;1,271;176,365;Commercial;Gadus morhua;164712;ACCSPHIST
1966;MARYLAND;COD, ATLANTIC;2,600;1;298;Commercial;Gadus morhua;164712;ACCSPHIST
1966;MASSACHUSETTS;COD, ATLANTIC;33,517,200;15,203;2,899,224;Commercial;Gadus morhua;164712;ACCSPHIST
1966;NEW HAMPSHIRE;COD, ATLANTIC;73,000;33;6,022;Commercial;Gadus morhua;164712;ACCSPHIST
1966;NEW JERSEY;COD, ATLANTIC;15,800;7;2,608;Commercial;Gadus morhua;164712;ACCSPHIST
1966;NEW YORK;COD, ATLANTIC;247,300;112;36,382;Commercial;Gadus morhua;164712;ACCSPHIST
1966;OREGON;COD, PACIFIC;635,600;288;31,625;Commercial;Gadus macrocephalus;164711;PACFINHIST
1966;RHODE ISLAND;COD, ATLANTIC;727,600;330;58,293;Commercial;Gadus morhua;164712;ACCSPHIST
1966;VIRGINIA;COD, ATLANTIC;5,000;2;780;Commercial;Gadus morhua;164712;ACCSPHIST
1966;WASHINGTON;COD, PACIFIC;9,346,600;4,24;485,707;Commercial;Gadus macrocephalus;164711;PACFINHIST
1965;CONNECTICUT;COD, ATLANTIC;121,100;55;9,761;Commercial;Gadus morhua;164712;ACCSPHIST
1965;DELAWARE;COD, ATLANTIC;48,300;22;6,818;Commercial;Gadus morhua;164712;ACCSPHIST
1965;MAINE;COD, ATLANTIC;2,628,884;1,192;129,151;Commercial;Gadus morhua;164712;ACCSPHIST
1965;MARYLAND;COD, ATLANTIC;800;0;99;Commercial;Gadus morhua;164712;ACCSPHIST
1965;MASSACHUSETTS;COD, ATLANTIC;32,193,100;14,603;2,606,780;Commercial;Gadus morhua;164712;ACCSPHIST
1965;NEW HAMPSHIRE;COD, ATLANTIC;85,000;39;7,650;Commercial;Gadus morhua;164712;ACCSPHIST
1965;NEW JERSEY;COD, ATLANTIC;164,700;75;28,363;Commercial;Gadus morhua;164712;ACCSPHIST
1965;NEW YORK;COD, ATLANTIC;365,900;166;53,239;Commercial;Gadus morhua;164712;ACCSPHIST
1965;OREGON;COD, PACIFIC;193,200;88;9,355;Commercial;Gadus macrocephalus;164711;PACFINHIST
1965;RHODE ISLAND;COD, ATLANTIC;436,800;198;35,000;Commercial;Gadus morhua;164712;ACCSPHIST
1965;VIRGINIA;COD, ATLANTIC;2,700;1;393;Commercial;Gadus morhua;164712;ACCSPHIST
1965;WASHINGTON;COD, PACIFIC;9,960,000;4,518;515,801;Commercial;Gadus macrocephalus;164711;PACFINHIST
1964;CONNECTICUT;COD, ATLANTIC;147,100;67;11,651;Commercial;Gadus morhua;164712;ACCSPHIST
1964;DELAWARE;COD, ATLANTIC;53,300;24;6,396;Commercial;Gadus morhua;164712;ACCSPHIST
1964;MAINE;COD, ATLANTIC;2,400,093;1,089;107,475;Commercial;Gadus morhua;164712;ACCSPHIST
1964;MARYLAND;COD, ATLANTIC;13,300;6;2,021;Commercial;Gadus morhua;164712;ACCSPHIST
1964;MASSACHUSETTS;COD, ATLANTIC;34,801,800;15,786;2,383,268;Commercial;Gadus morhua;164712;ACCSPHIST
1964;NEW HAMPSHIRE;COD, ATLANTIC;60,000;27;4,200;Commercial;Gadus morhua;164712;ACCSPHIST
1964;NEW JERSEY;COD, ATLANTIC;283,000;128;44,974;Commercial;Gadus morhua;164712;ACCSPHIST
1964;NEW YORK;COD, ATLANTIC;516,500;234;72,220;Commercial;Gadus morhua;164712;ACCSPHIST
1964;OREGON;COD, PACIFIC;200,500;91;10,026;Commercial;Gadus macrocephalus;164711;PACFINHIST
1964;RHODE ISLAND;COD, ATLANTIC;444,000;201;35,319;Commercial;Gadus morhua;164712;ACCSPHIST
1964;VIRGINIA;COD, ATLANTIC;28,400;13;3,182;Commercial;Gadus morhua;164712;ACCSPHIST
1964;WASHINGTON;COD, PACIFIC;6,212,700;2,818;341,522;Commercial;Gadus macrocephalus;164711;PACFINHIST
1963;CONNECTICUT;COD, ATLANTIC;136,400;62;12,827;Commercial;Gadus morhua;164712;ACCSPHIST
1963;DELAWARE;COD, ATLANTIC;87,900;40;10,931;Commercial;Gadus morhua;164712;ACCSPHIST
1963;MAINE;COD, ATLANTIC;1,960,200;889;87,644;Commercial;Gadus morhua;164712;ACCSPHIST
1963;MARYLAND;COD, ATLANTIC;150,100;68;14,445;Commercial;Gadus morhua;164712;ACCSPHIST
1963;MASSACHUSETTS;COD, ATLANTIC;37,220,800;16,883;2,640,344;Commercial;Gadus morhua;164712;ACCSPHIST
1963;NEW HAMPSHIRE;COD, ATLANTIC;75,000;34;5,400;Commercial;Gadus morhua;164712;ACCSPHIST
1963;NEW JERSEY;COD, ATLANTIC;1,105,700;502;142,912;Commercial;Gadus morhua;164712;ACCSPHIST
1963;NEW YORK;COD, ATLANTIC;882,200;400;137,659;Commercial;Gadus morhua;164712;ACCSPHIST
1963;OREGON;COD, PACIFIC;67,200;30;3,359;Commercial;Gadus macrocephalus;164711;PACFINHIST
1963;RHODE ISLAND;COD, ATLANTIC;508,800;231;47,852;Commercial;Gadus morhua;164712;ACCSPHIST
1963;VIRGINIA;COD, ATLANTIC;50,500;23;5,370;Commercial;Gadus morhua;164712;ACCSPHIST
1963;WASHINGTON;COD, PACIFIC;6,301,900;2,859;346,598;Commercial;Gadus macrocephalus;164711;PACFINHIST
1962;CONNECTICUT;COD, ATLANTIC;289,800;131;24,563;Commercial;Gadus morhua;164712;ACCSPHIST
1962;DELAWARE;COD, ATLANTIC;38,600;18;3,474;Commercial;Gadus morhua;164712;ACCSPHIST
1962;MAINE;COD, ATLANTIC;2,260,000;1,025;107,384;Commercial;Gadus morhua;164712;ACCSPHIST
1962;MARYLAND;COD, ATLANTIC;374,700;170;42,357;Commercial;Gadus morhua;164712;ACCSPHIST
1962;MASSACHUSETTS;COD, ATLANTIC;40,647,100;18,437;2,759,621;Commercial;Gadus morhua;164712;ACCSPHIST
1962;NEW HAMPSHIRE;COD, ATLANTIC;50,000;23;3,500;Commercial;Gadus morhua;164712;ACCSPHIST
1962;NEW JERSEY;COD, ATLANTIC;1,483,900;673;174,750;Commercial;Gadus morhua;164712;ACCSPHIST
1962;NEW YORK;COD, ATLANTIC;1,027,800;466;112,847;Commercial;Gadus morhua;164712;ACCSPHIST
1962;OREGON;COD, PACIFIC;18,900;9;943;Commercial;Gadus macrocephalus;164711;PACFINHIST
1962;RHODE ISLAND;COD, ATLANTIC;699,400;317;59,793;Commercial;Gadus morhua;164712;ACCSPHIST
1962;VIRGINIA;COD, ATLANTIC;38,700;18;4,343;Commercial;Gadus morhua;164712;ACCSPHIST
1962;WASHINGTON;COD, PACIFIC;3,166,100;1,436;158,307;Commercial;Gadus macrocephalus;164711;PACFINHIST
1961;CONNECTICUT;COD, ATLANTIC;399,600;181;24,930;Commercial;Gadus morhua;164712;ACCSPHIST
1961;DELAWARE;COD, ATLANTIC;32,000;15;2,560;Commercial;Gadus morhua;164712;ACCSPHIST
1961;MAINE;COD, ATLANTIC;2,506,500;1,137;124,007;Commercial;Gadus morhua;164712;ACCSPHIST
1961;MARYLAND;COD, ATLANTIC;788,800;358;70,554;Commercial;Gadus morhua;164712;ACCSPHIST
1961;MASSACHUSETTS;COD, ATLANTIC;38,165,800;17,312;2,361,056;Commercial;Gadus morhua;164712;ACCSPHIST
1961;NEW HAMPSHIRE;COD, ATLANTIC;30,000;14;1,800;Commercial;Gadus morhua;164712;ACCSPHIST
1961;NEW JERSEY;COD, ATLANTIC;2,405,100;1,091;232,996;Commercial;Gadus morhua;164712;ACCSPHIST
1961;NEW YORK;COD, ATLANTIC;1,165,600;529;104,437;Commercial;Gadus morhua;164712;ACCSPHIST
1961;OREGON;COD, PACIFIC;104,100;47;4,672;Commercial;Gadus macrocephalus;164711;PACFINHIST
1961;RHODE ISLAND;COD, ATLANTIC;1,065,700;483;68,773;Commercial;Gadus morhua;164712;ACCSPHIST
1961;VIRGINIA;COD, ATLANTIC;30,400;14;2,831;Commercial;Gadus morhua;164712;ACCSPHIST
1961;WASHINGTON;COD, PACIFIC;2,962,800;1,344;145,182;Commercial;Gadus macrocephalus;164711;PACFINHIST
1960;CONNECTICUT;COD, ATLANTIC;249,900;113;16,191;Commercial;Gadus morhua;164712;ACCSPHIST
1960;DELAWARE;COD, ATLANTIC;19,300;9;1,351;Commercial;Gadus morhua;164712;ACCSPHIST
1960;MAINE;COD, ATLANTIC;2,897,200;1,314;144,470;Commercial;Gadus morhua;164712;ACCSPHIST
1960;MARYLAND;COD, ATLANTIC;545,800;248;41,321;Commercial;Gadus morhua;164712;ACCSPHIST
1960;MASSACHUSETTS;COD, ATLANTIC;31,265,800;14,182;2,021,401;Commercial;Gadus morhua;164712;ACCSPHIST
1960;NEW HAMPSHIRE;COD, ATLANTIC;20,000;9;1,200;Commercial;Gadus morhua;164712;ACCSPHIST
1960;NEW JERSEY;COD, ATLANTIC;3,553,800;1,612;299,259;Commercial;Gadus morhua;164712;ACCSPHIST
1960;NEW YORK;COD, ATLANTIC;998,300;453;110,290;Commercial;Gadus morhua;164712;ACCSPHIST
1960;OREGON;COD, PACIFIC;236,000;107;10,621;Commercial;Gadus macrocephalus;164711;PACFINHIST
1960;RHODE ISLAND;COD, ATLANTIC;822,500;373;61,768;Commercial;Gadus morhua;164712;ACCSPHIST
1960;VIRGINIA;COD, ATLANTIC;9,200;4;771;Commercial;Gadus morhua;164712;ACCSPHIST
1960;WASHINGTON;COD, PACIFIC;5,135,900;2,33;251,703;Commercial;Gadus macrocephalus;164711;PACFINHIST
1959;ALASKA;COD, PACIFIC;7,565;3;378;Commercial;Gadus macrocephalus;164711;AKFINHIST
1959;CONNECTICUT;COD, ATLANTIC;241,900;110;22,582;Commercial;Gadus morhua;164712;ACCSPHIST
1959;DELAWARE;COD, ATLANTIC;3,500;2;280;Commercial;Gadus morhua;164712;ACCSPHIST
1959;MAINE;COD, ATLANTIC;2,694,000;1,222;144,403;Commercial;Gadus morhua;164712;ACCSPHIST
1959;MARYLAND;COD, ATLANTIC;383,300;174;13,008;Commercial;Gadus morhua;164712;ACCSPHIST
1959;MASSACHUSETTS;COD, ATLANTIC;36,576,400;16,591;2,572,495;Commercial;Gadus morhua;164712;ACCSPHIST
1959;NEW JERSEY;COD, ATLANTIC;3,282,900;1,489;270,212;Commercial;Gadus morhua;164712;ACCSPHIST
1959;NEW YORK;COD, ATLANTIC;1,953,400;886;181,765;Commercial;Gadus morhua;164712;ACCSPHIST
1959;OREGON;COD, PACIFIC;358,700;163;16,143;Commercial;Gadus macrocephalus;164711;PACFINHIST
1959;RHODE ISLAND;COD, ATLANTIC;1,245,900;565;102,535;Commercial;Gadus morhua;164712;ACCSPHIST
1959;VIRGINIA;COD, ATLANTIC;100,300;45;5,128;Commercial;Gadus morhua;164712;ACCSPHIST
1959;WASHINGTON;COD, PACIFIC;12,961,400;5,879;648,076;Commercial;Gadus macrocephalus;164711;PACFINHIST
1958;ALASKA;COD, PACIFIC;12,330;6;370;Commercial;Gadus macrocephalus;164711;AKFINHIST
1958;CONNECTICUT;COD, ATLANTIC;209,000;95;15,686;Commercial;Gadus morhua;164712;ACCSPHIST
1958;DELAWARE;COD, ATLANTIC;100;0;7;Commercial;Gadus morhua;164712;ACCSPHIST
1958;MAINE;COD, ATLANTIC;2,735,400;1,241;150,074;Commercial;Gadus morhua;164712;ACCSPHIST
1958;MARYLAND;COD, ATLANTIC;52,000;24;1,816;Commercial;Gadus morhua;164712;ACCSPHIST
1958;MASSACHUSETTS;COD, ATLANTIC;33,593,200;15,238;2,470,399;Commercial;Gadus morhua;164712;ACCSPHIST
1958;NEW JERSEY;COD, ATLANTIC;1,260,700;572;98,246;Commercial;Gadus morhua;164712;ACCSPHIST
1958;NEW YORK;COD, ATLANTIC;2,200,400;998;217,172;Commercial;Gadus morhua;164712;ACCSPHIST
1958;OREGON;COD, PACIFIC;473,900;215;18,956;Commercial;Gadus macrocephalus;164711;PACFINHIST
1958;RHODE ISLAND;COD, ATLANTIC;1,246,800;566;82,156;Commercial;Gadus morhua;164712;ACCSPHIST
1958;VIRGINIA;COD, ATLANTIC;65,100;30;5,654;Commercial;Gadus morhua;164712;ACCSPHIST
1958;WASHINGTON;COD, PACIFIC;12,298,600;5,579;540,540;Commercial;Gadus macrocephalus;164711;PACFINHIST
1957;ALASKA;COD, PACIFIC;2,583;1;77;Commercial;Gadus macrocephalus;164711;AKFINHIST
1957;CONNECTICUT;COD, ATLANTIC;330,100;150;21,451;Commercial;Gadus morhua;164712;ACCSPHIST
1957;MAINE;COD, ATLANTIC;2,352,400;1,067;122,732;Commercial;Gadus morhua;164712;ACCSPHIST
1957;MARYLAND;COD, ATLANTIC;2,900;1;260;Commercial;Gadus morhua;164712;ACCSPHIST
1957;MASSACHUSETTS;COD, ATLANTIC;28,389,900;12,878;1,738,971;Commercial;Gadus morhua;164712;ACCSPHIST
1957;NEW JERSEY;COD, ATLANTIC;432,300;196;46,945;Commercial;Gadus morhua;164712;ACCSPHIST
1957;NEW YORK;COD, ATLANTIC;1,722,000;781;189,844;Commercial;Gadus morhua;164712;ACCSPHIST
1957;OREGON;COD, PACIFIC;551,100;250;22,044;Commercial;Gadus macrocephalus;164711;PACFINHIST
1957;RHODE ISLAND;COD, ATLANTIC;839,200;381;57,444;Commercial;Gadus morhua;164712;ACCSPHIST
1957;WASHINGTON;COD, PACIFIC;11,373,700;5,159;559,477;Commercial;Gadus macrocephalus;164711;PACFINHIST
1956;ALASKA;COD, PACIFIC;6,170;3;108;Commercial;Gadus macrocephalus;164711;AKFINHIST
1956;CONNECTICUT;COD, ATLANTIC;154,400;70;9,264;Commercial;Gadus morhua;164712;ACCSPHIST
1956;MAINE;COD, ATLANTIC;2,746,200;1,246;133,730;Commercial;Gadus morhua;164712;ACCSPHIST
1956;MARYLAND;COD, ATLANTIC;1,100;0;59;Commercial;Gadus morhua;164712;ACCSPHIST
1956;MASSACHUSETTS;COD, ATLANTIC;29,127,200;13,212;1,773,859;Commercial;Gadus morhua;164712;ACCSPHIST
1956;NEW JERSEY;COD, ATLANTIC;1,039,700;472;97,235;Commercial;Gadus morhua;164712;ACCSPHIST
1956;NEW YORK;COD, ATLANTIC;1,325,600;601;159,072;Commercial;Gadus morhua;164712;ACCSPHIST
1956;OREGON;COD, PACIFIC;182,700;83;7,307;Commercial;Gadus macrocephalus;164711;PACFINHIST
1956;RHODE ISLAND;COD, ATLANTIC;732,600;332;51,905;Commercial;Gadus morhua;164712;ACCSPHIST
1956;VIRGINIA;COD, ATLANTIC;500;0;24;Commercial;Gadus morhua;164712;ACCSPHIST
1956;WASHINGTON;COD, PACIFIC;9,635,500;4,371;378,824;Commercial;Gadus macrocephalus;164711;PACFINHIST
1955;ALASKA;COD, PACIFIC;119,001;54;2,082;Commercial;Gadus macrocephalus;164711;AKFINHIST
1955;CONNECTICUT;COD, ATLANTIC;185,700;84;9,278;Commercial;Gadus morhua;164712;ACCSPHIST
1955;MAINE;COD, ATLANTIC;2,863,200;1,299;146,214;Commercial;Gadus morhua;164712;ACCSPHIST
1955;MARYLAND;COD, ATLANTIC;22,700;10;1,274;Commercial;Gadus morhua;164712;ACCSPHIST
1955;MASSACHUSETTS;COD, ATLANTIC;28,525,700;12,939;1,669,159;Commercial;Gadus morhua;164712;ACCSPHIST
1955;NEW JERSEY;COD, ATLANTIC;933,100;423;76,068;Commercial;Gadus morhua;164712;ACCSPHIST
1955;NEW YORK;COD, ATLANTIC;2,257,400;1,024;205,201;Commercial;Gadus morhua;164712;ACCSPHIST
1955;OREGON;COD, PACIFIC;359,800;163;14,389;Commercial;Gadus macrocephalus;164711;PACFINHIST
1955;RHODE ISLAND;COD, ATLANTIC;794,100;360;49,596;Commercial;Gadus morhua;164712;ACCSPHIST
1955;WASHINGTON;COD, PACIFIC;12,610,500;5,72;480,546;Commercial;Gadus macrocephalus;164711;PACFINHIST
1954;CONNECTICUT;COD, ATLANTIC;238,700;108;11,721;Commercial;Gadus morhua;164712;ACCSPHIST
1954;DELAWARE;COD, ATLANTIC;400;0;20;Commercial;Gadus morhua;164712;ACCSPHIST
1954;MAINE;COD, ATLANTIC;3,688,900;1,673;195,077;Commercial;Gadus morhua;164712;ACCSPHIST
1954;MARYLAND;COD, ATLANTIC;5,800;3;174;Commercial;Gadus morhua;164712;ACCSPHIST
1954;MASSACHUSETTS;COD, ATLANTIC;29,991,000;13,604;1,767,613;Commercial;Gadus morhua;164712;ACCSPHIST
1954;NEW JERSEY;COD, ATLANTIC;284,700;129;16,668;Commercial;Gadus morhua;164712;ACCSPHIST
1954;NEW YORK;COD, ATLANTIC;1,291,800;586;116,274;Commercial;Gadus morhua;164712;ACCSPHIST
1954;OREGON;COD, PACIFIC;782,000;355;31,282;Commercial;Gadus macrocephalus;164711;PACFINHIST
1954;RHODE ISLAND;COD, ATLANTIC;1,320,300;599;74,848;Commercial;Gadus morhua;164712;ACCSPHIST
1954;VIRGINIA;COD, ATLANTIC;1,600;1;64;Commercial;Gadus morhua;164712;ACCSPHIST
1954;WASHINGTON;COD, PACIFIC;15,870,000;7,199;620,068;Commercial;Gadus macrocephalus;164711;PACFINHIST
1953;CONNECTICUT;COD, ATLANTIC;57,900;26;7,198;Commercial;Gadus morhua;164712;ACCSPHIST
1953;MAINE;COD, ATLANTIC;3,769,100;1,71;213,921;Commercial;Gadus morhua;164712;ACCSPHIST
1953;MASSACHUSETTS;COD, ATLANTIC;27,465,000;12,458;1,846,781;Commercial;Gadus morhua;164712;ACCSPHIST
1953;NEW JERSEY;COD, ATLANTIC;32,300;15;4,250;Commercial;Gadus morhua;164712;ACCSPHIST
1953;NEW YORK;COD, ATLANTIC;727,600;330;85,708;Commercial;Gadus morhua;164712;ACCSPHIST
1953;OREGON;COD, PACIFIC;175,900;80;6,901;Commercial;Gadus macrocephalus;164711;PACFINHIST
1953;RHODE ISLAND;COD, ATLANTIC;607,200;275;48,071;Commercial;Gadus morhua;164712;ACCSPHIST
1953;VIRGINIA;COD, ATLANTIC;1,300;1;39;Commercial;Gadus morhua;164712;ACCSPHIST
1953;WASHINGTON;COD, PACIFIC;8,465,100;3,84;364,051;Commercial;Gadus macrocephalus;164711;PACFINHIST
1952;CONNECTICUT;COD, ATLANTIC;170,200;77;17,112;Commercial;Gadus morhua;164712;ACCSPHIST
1952;MAINE;COD, ATLANTIC;4,614,500;2,093;256,454;Commercial;Gadus morhua;164712;ACCSPHIST
1952;MARYLAND;COD, ATLANTIC;400;0;16;Commercial;Gadus morhua;164712;ACCSPHIST
1952;MASSACHUSETTS;COD, ATLANTIC;36,928,200;16,751;2,652,133;Commercial;Gadus morhua;164712;ACCSPHIST
1952;NEW HAMPSHIRE;COD, ATLANTIC;15,700;7;1,727;Commercial;Gadus morhua;164712;ACCSPHIST
1952;NEW JERSEY;COD, ATLANTIC;306,900;139;52,173;Commercial;Gadus morhua;164712;ACCSPHIST
1952;NEW YORK;COD, ATLANTIC;975,100;442;111,459;Commercial;Gadus morhua;164712;ACCSPHIST
1952;OREGON;COD, PACIFIC;136,100;62;6,803;Commercial;Gadus macrocephalus;164711;PACFINHIST
1952;RHODE ISLAND;COD, ATLANTIC;672,500;305;66,661;Commercial;Gadus morhua;164712;ACCSPHIST
1952;VIRGINIA;COD, ATLANTIC;2,400;1;85;Commercial;Gadus morhua;164712;ACCSPHIST
1952;WASHINGTON;COD, PACIFIC;10,707,700;4,857;565,248;Commercial;Gadus macrocephalus;164711;PACFINHIST
1951;CONNECTICUT;COD, ATLANTIC;301,900;137;30,537;Commercial;Gadus morhua;164712;ACCSPHIST
1951;MAINE;COD, ATLANTIC;5,292,800;2,401;289,632;Commercial;Gadus morhua;164712;ACCSPHIST
1951;MARYLAND;COD, ATLANTIC;1,200;1;96;Commercial;Gadus morhua;164712;ACCSPHIST
1951;MASSACHUSETTS;COD, ATLANTIC;40,711,300;18,467;2,896,330;Commercial;Gadus morhua;164712;ACCSPHIST
1951;NEW HAMPSHIRE;COD, ATLANTIC;12,400;6;1,240;Commercial;Gadus morhua;164712;ACCSPHIST
1951;NEW JERSEY;COD, ATLANTIC;599,700;272;57,549;Commercial;Gadus morhua;164712;ACCSPHIST
1951;NEW YORK;COD, ATLANTIC;1,941,100;880;258,976;Commercial;Gadus morhua;164712;ACCSPHIST
1951;OREGON;COD, PACIFIC;135,200;61;6,761;Commercial;Gadus macrocephalus;164711;PACFINHIST
1951;RHODE ISLAND;COD, ATLANTIC;1,160,600;526;100,260;Commercial;Gadus morhua;164712;ACCSPHIST
1951;VIRGINIA;COD, ATLANTIC;2,000;1;80;Commercial;Gadus morhua;164712;ACCSPHIST
1951;WASHINGTON;COD, PACIFIC;9,432,400;4,279;509,357;Commercial;Gadus macrocephalus;164711;PACFINHIST
1950;ALASKA;COD, PACIFIC;858,318;389;22,676;Commercial;Gadus macrocephalus;164711;AKFINHIST
1950;CONNECTICUT;COD, ATLANTIC;256,300;116;27,060;Commercial;Gadus morhua;164712;ACCSPHIST
1950;DELAWARE;COD, ATLANTIC;500;0;85;Commercial;Gadus morhua;164712;ACCSPHIST
1950;MAINE;COD, ATLANTIC;6,613,000;3;304,150;Commercial;Gadus morhua;164712;ACCSPHIST
1950;MARYLAND;COD, ATLANTIC;2,800;1;105;Commercial;Gadus morhua;164712;ACCSPHIST
1950;MASSACHUSETTS;COD, ATLANTIC;45,867,400;20,805;2,824,677;Commercial;Gadus morhua;164712;ACCSPHIST
1950;NEW HAMPSHIRE;COD, ATLANTIC;4,400;2;264;Commercial;Gadus morhua;164712;ACCSPHIST
1950;NEW JERSEY;COD, ATLANTIC;987,700;448;86,301;Commercial;Gadus morhua;164712;ACCSPHIST
1950;NEW YORK;COD, ATLANTIC;2,528,500;1,147;286,432;Commercial;Gadus morhua;164712;ACCSPHIST
1950;NORTH CAROLINA;COD, ATLANTIC;700;0;65;Commercial;Gadus morhua;164712;ACCSPHIST
1950;OREGON;COD, PACIFIC;43,100;20;1,551;Commercial;Gadus macrocephalus;164711;PACFINHIST
1950;RHODE ISLAND;COD, ATLANTIC;1,226,500;556;93,402;Commercial;Gadus morhua;164712;ACCSPHIST
1950;VIRGINIA;COD, ATLANTIC;2,600;1;124;Commercial;Gadus morhua;164712;ACCSPHIST
1950;WASHINGTON;COD, PACIFIC;7,044,500;3,195;271,116;Commercial;Gadus macrocephalus;164711;PACFINHIST
